trp_unarmed_troop|Tropa desarmada
trp_unarmed_troop_pl|Tropas desarmadas
trp_tutorial_maceman|Macero
trp_tutorial_maceman_pl|Maceros
trp_tutorial_archer|Arquero
trp_tutorial_archer_pl|Arqueros
trp_tutorial_swordsman|Espadachín
trp_tutorial_swordsman_pl|Espadachines
trp_novice_fighter|Luchador novato
trp_novice_fighter_pl|Luchadores novatos
trp_regular_fighter|Luchador regular
trp_regular_fighter_pl|Luchadores regulares
trp_veteran_fighter|Luchador veterano
trp_veteran_fighter_pl|Luchadores veteranos
trp_champion_fighter|Luchador campeón
trp_champion_fighter_pl|Luchadores campeones
trp_arena_training_fighter_1|Luchador novato
trp_arena_training_fighter_1_pl|Luchadores novatos
trp_arena_training_fighter_2|Luchador novato
trp_arena_training_fighter_2_pl|Luchadores novatos
trp_arena_training_fighter_3|Luchador regular
trp_arena_training_fighter_3_pl|Luchadores regulares
trp_arena_training_fighter_4|Luchador regular
trp_arena_training_fighter_4_pl|Luchadores regulares
trp_arena_training_fighter_5|Luchador regular
trp_arena_training_fighter_5_pl|Luchadores regulares
trp_arena_training_fighter_6|Luchador veterano
trp_arena_training_fighter_6_pl|Luchadores veteranos
trp_arena_training_fighter_7|Luchador veterano
trp_arena_training_fighter_7_pl|Luchadores veteranos
trp_arena_training_fighter_8|Luchador veterano
trp_arena_training_fighter_8_pl|Luchadores veteranos
trp_arena_training_fighter_9|Luchador campeón
trp_arena_training_fighter_9_pl|Luchadores campeones
trp_arena_training_fighter_10|Luchador campeón
trp_arena_training_fighter_10_pl|Luchadores campeones
trp_cattle|Ganado
trp_cattle_pl|Ganado
trp_farmer|Granjero
trp_farmer_pl|Granjeros
trp_townsman|Ciudadano
trp_townsman_pl|Ciudadano
trp_watchman|Ciudadana
trp_watchman_pl|Ciudadanas
trp_i1_woodmen_man|Colono del bosque
trp_i1_woodmen_man_pl|Colonos del bosque
trp_i2_woodmen_forester|Guardián de los bosques
trp_i2_woodmen_forester_pl|Guardianes de los bosques
trp_i3_woodmen_skilled_forester|Guardián experto de los bosques 
trp_i3_woodmen_skilled_forester_pl|Guardianes expertos de los bosques
trp_i4_woodmen_axemen|Hachero de los bosques 
trp_i4_woodmen_axemen_pl|Hacheros de los bosques 
trp_i5_woodmen_night_guard|Guardia nocturno del Bosque Negro
trp_i5_woodmen_night_guard_pl|Guardias nocturnos del Bosque Negro
trp_a2_woodmen_tracker|Rastreador de los bosques 
trp_a2_woodmen_tracker_pl|Rastreadores de los bosques
trp_a3_woodmen_scout|Explorador de los bosques 
trp_a3_woodmen_scout_pl|Exploradores de los bosques 
trp_a4_woodmen_archer|Arquero de los bosques 
trp_a4_woodmen_archer_pl|Arqueros de los bosques
trp_a5_woodmen_night_stalker|Acechador nocturno del Bosque Negro
trp_a5_woodmen_night_stalker_pl|Acechadores nocturnos del Bosque Negro
trp_i1_beorning_man|Hombre Beórnida
trp_i1_beorning_man_pl|Hombres Beórnidas
trp_i2_beorning_warrior|Guerrero Beórnida
trp_i2_beorning_warrior_pl|Guerreros Beórnidas
trp_i3_beorning_tolltacker|Cobrador de peaje Beórnida
trp_i3_beorning_tolltacker_pl|Cobradores de Peaje Beórnidas
trp_i4_beorning_sentinel|Centinela Beórnida
trp_i4_beorning_sentinel_pl|Centinelas Beórnidas
trp_i5_beorning_warden_of_the_ford|Guardián Beórnida del Vado
trp_i5_beorning_warden_of_the_ford_pl|Guardianes Beórnidas del Vado
trp_i3_beorning_carrock_lookout|Vigía Beórnida de Carroca 
trp_i3_beorning_carrock_lookout_pl|Vigías Beórnidas de Carroca 
trp_i4_beorning_carrock_fighter|Luchador Beórnida de Carroca
trp_i4_beorning_carrock_fighter_pl|Luchadores Beórnidas de Carroca 
trp_i5_beorning_carrock_berserker|Berserker Beórnida de Carroca 
trp_i5_beorning_carrock_berserker_pl|Berserkers Beórnidas de Carroca 
trp_i1_dale_militia|Miliciano de Valle
trp_i1_dale_militia_pl|Milicia de Valle
trp_i2_dale_man_at_arms|Hombre de armas de Valle
trp_i2_dale_man_at_arms_pl|Hombres de armas de Valle
trp_a2_dale_scout|Explorador de Valle
trp_a2_dale_scout_pl|Exploradores de Valle
trp_a3_dale_bowman|Hombre con arco de Valle
trp_a3_dale_bowman_pl|Hombres con arco de Valle
trp_a4_dale_archer|Arquero de Valle
trp_a4_dale_archer_pl|Arqueros de Valle
trp_a5_barding_bowman|Arquero Bárdido
trp_a5_barding_bowman_pl|Arqueros Bárdidos
trp_i3_dale_swordsman|Espadachín de Valle
trp_i3_dale_swordsman_pl|Espadachines de Valle
trp_i4_dale_sergeant|Sargento de Valle
trp_i4_dale_sergeant_pl|Sargentos de Valle
trp_i5_dale_hearthman|Guardián del Hogar de Valle
trp_i5_dale_hearthman_pl|Guardianes del Hogar de Valle
trp_i3_dale_spearman|Lancero de Valle
trp_i3_dale_spearman_pl|Lanceros de Valle
trp_i4_dale_billman|Archero de Valle
trp_i4_dale_billman_pl|Archeros de Valle
trp_i5_dale_bill_master|Maestro archero de Valle
trp_i5_dale_bill_master_pl|Maestros archeros de Valle
trp_c2_rhovanion_retainer|Vasallo norteño
trp_c2_rhovanion_retainer_pl|Vasallos norteños
trp_c3_rhovanion_auxilia|Auxiliar norteño
trp_c3_rhovanion_auxilia_pl|Auxiliares norteños
trp_c4_rhovanion_rider|Jinete de Rhovanion
trp_c4_rhovanion_rider_pl|Jinetes de Rhovanion
trp_ac5_rhovanion_marchwarden|Guardián de la frontera de Rhovanion
trp_ac5_rhovanion_marchwarden_pl|Guardianes de la frontera de Rhovanion
trp_i1_rhun_tribesman|Miembro de las tribus de Rhûn
trp_i1_rhun_tribesman_pl|Miembros de las tribus de Rhûn
trp_ac2_rhun_horse_scout|Explorador a caballo de Rhûn
trp_ac2_rhun_horse_scout_pl|Exploradores a caballo de Rhûn
trp_ac3_rhun_horse_archer|Arquero a caballo de Rhûn
trp_ac3_rhun_horse_archer_pl|Arqueros a caballo de Rhûn
trp_ac4_rhun_veteran_horse_archer|Arquero a caballo veterano de Rhûn
trp_ac4_rhun_veteran_horse_archer_pl|Arqueros a caballo veteranos de Rhûn
trp_ac5_rhun_balchoth_horse_archer|Arquero a caballo Balchoth
trp_ac5_rhun_balchoth_horse_archer_pl|Arqueros a caballo Balchoth
trp_c3_rhun_swift_horseman|Jinete veloz de Rhûn
trp_c3_rhun_swift_horseman_pl|Jinetes veloces de Rhûn
trp_c4_rhun_veteran_swift_horseman|Jinete veloz veterano de Rhûn
trp_c4_rhun_veteran_swift_horseman_pl|Jinetes veloces veteranos de Rhûn
trp_c5_rhun_falcon_horseman|Jinete Halcón
trp_c5_rhun_falcon_horseman_pl|Jinetes Halcón
trp_i2_rhun_tribal_warrior|Guerrero tribal de Rhûn
trp_i2_rhun_tribal_warrior_pl|Guerreros tribales de Rhûn
trp_i3_rhun_tribal_infantry|Guerrero tribal de Rhûn
trp_i3_rhun_tribal_infantry_pl|Guerreros tribales de Rhûn
trp_i4_rhun_vet_infantry|Infante veterano de Rhûn
trp_i4_rhun_vet_infantry_pl|Infantería veterana de Rhûn
trp_i5_rhun_ox_warrior|Guerrero del Buey
trp_i5_rhun_ox_warrior_pl|Guerreros del Buey
trp_c2_rhun_horseman|Jinete de Rhûn
trp_c2_rhun_horseman_pl|Jinetes de Rhûn
trp_c3_rhun_outrider|Batidor de Rhûn
trp_c3_rhun_outrider_pl|Batidores de Rhûn
trp_c4_rhun_noble_rider|Jinete noble de Rhûn
trp_c4_rhun_noble_rider_pl|Jinetes nobles de Rhûn
trp_c5_rhun_warrider|Jinete guerrero de Rhûn
trp_c5_rhun_warrider_pl|Jinetes guerreros de Rhûn
trp_c6_rhun_warlord|Señor de la guerra de Rhûn
trp_c6_rhun_warlord_pl|Señores de la guerra de Rhûn
trp_i1_dwarf_apprentice|Aprendiz enano
trp_i1_dwarf_apprentice_pl|Aprendices enanos
trp_i2_dwarf_warrior|Guerrero enano
trp_i2_dwarf_warrior_pl|Guerreros enanos
trp_i3_dwarf_hardened_warrior|Guerrero enano curtido
trp_i3_dwarf_hardened_warrior_pl|Guerreros enanos curtidos
trp_i4_dwarf_spearman|Lancero enano
trp_i4_dwarf_spearman_pl|Lanceros enanos
trp_i5_dwarf_pikeman|Piquero enano
trp_i5_dwarf_pikeman_pl|Piqueros enanos
trp_i6_dwarf_longpikeman|Piquero pesado enano
trp_i6_dwarf_longpikeman_pl|Piqueros pesados enanos
trp_i4_dwarf_axeman|Hachero enano
trp_i4_dwarf_axeman_pl|Hacheros enanos
trp_i5_dwarf_expert_axeman|Hachero enano experto
trp_i5_dwarf_expert_axeman_pl|Hacheros enanos expertos
trp_i6_dwarf_longbeard_axeman|Hachero enano Barbiluengo 
trp_i6_dwarf_longbeard_axeman_pl| Hacheros enanos Barbaluengos
trp_a2_dwarf_lookout|Vigía enano
trp_a2_dwarf_lookout_pl|Vigías enanos
trp_a3_dwarf_scout|Explorador enano
trp_a3_dwarf_scout_pl|Exploradores enanos 
trp_a4_dwarf_bowman|Enano con arco
trp_a4_dwarf_bowman_pl|Enanos con arco
trp_i6_dwarf_longaxeman|Enano hachalarga
trp_i6_dwarf_longaxeman_pl|Enanos hachalarga
trp_i3_iron_hills_warrior|Guerrero de las Colinas de Hierro
trp_i3_iron_hills_warrior_pl|Guerreros de las Colinas de Hierro
trp_i2_iron_hills_miner|Minero de las Colinas de Hierro
trp_i2_iron_hills_miner_pl|Mineros de las Colinas de Hierro
trp_i4_iron_hills_infantry|Infante de las Colinas de Hierro
trp_i4_iron_hills_infantry_pl|Infantes de las Colinas de Hierro
trp_i5_iron_hills_battle_dwarf|Enano batallador de las Colinas de Hierro
trp_i5_iron_hills_battle_dwarf_pl|Enanos batalladores de las Colinas de Hierro
trp_i6_iron_hills_grors_guard|Guardia de Gror
trp_i6_iron_hills_grors_guard_pl|Guardias de Gror
trp_i1_gon_levy|Recluta de Gondor
trp_i1_gon_levy_pl|Reclutas de Gondor
trp_i2_gon_watchman|Guardia de Gondor
trp_i2_gon_watchman_pl|Guardias de Gondor
trp_i3_gon_footman|Infante de Gondor
trp_i3_gon_footman_pl|Infantería de Gondor
trp_i4_gon_spearman|Lancero de Gondor
trp_i4_gon_spearman_pl|Lanceros de Gondor
trp_i5_gon_vet_spearman|Lancero veterano de Gondor
trp_i5_gon_vet_spearman_pl|Lanceros veteranos de Gondor
trp_i6_gon_tower_spearman|Guardia del Patio del Manantial
trp_i6_gon_tower_spearman_pl|Guardias del Patio del Manantial
trp_i4_gon_swordsman|Espadachín de Gondor
trp_i4_gon_swordsman_pl|Espadachines de Gondor
trp_i5_gon_vet_swordsman|Espadachín veterano de Gondor
trp_i5_gon_vet_swordsman_pl|Espadachines veteranos de Gondor
trp_i6_gon_tower_swordsman|Espadachín de la Guardia de la Torre
trp_i6_gon_tower_swordsman_pl|Espadachines de la Guardia de la Torre
trp_c1_gon_nobleman|Noble de Gondor
trp_c1_gon_nobleman_pl|Noble de Gondor
trp_c2_gon_squire|Escudero de Gondor
trp_c2_gon_squire_pl|Escuderos de Gondor
trp_c3_gon_vet_squire|Escudero veterano de Gondor
trp_c3_gon_vet_squire_pl|Escuderos veteranos de Gondor
trp_c4_gon_knight|Caballero de Gondor 
trp_c4_gon_knight_pl|Caballeros de Gondor 
trp_c5_gon_vet_knight|Caballero veterano de Gondor
trp_c5_gon_vet_knight_pl|Caballeros veteranos de Gondor
trp_c6_gon_tower_knight|Caballero de la Ciudadela
trp_c6_gon_tower_knight_pl|Caballeros de la Ciudadela
trp_a3_gon_bowman|Hombre con arco de Gondor
trp_a3_gon_bowman_pl|Hombres con arco de Gondor
trp_a4_gon_archer|Arquero de Gondor
trp_a4_gon_archer_pl|Arqueros de Gondor
trp_a5_gon_vet_archer|Arquero veterano de Gondor
trp_a5_gon_vet_archer_pl|Arqueros veteranos de Gondor
trp_a6_gon_tower_archer|Arquero de la Guardia de la Torre
trp_a6_gon_tower_archer_pl|Arqueros de la Guardia de la Torre
trp_steward_guard|Guardia del Senescal
trp_steward_guard_pl|Guardias del Senescal
trp_a4_ithilien_ranger|Montaraz de Ithilien
trp_a4_ithilien_ranger_pl|Montaraces de Ithilien
trp_a5_ithilien_vet_ranger|Montaraz veterano de Ithilien
trp_a5_ithilien_vet_ranger_pl|Montaraces veteranos de Ithilien
trp_a6_ithilien_master_ranger|Montaraz experto de Ithilien
trp_a6_ithilien_master_ranger_pl|Montaraces expertos de Ithilien
trp_a6_ithilien_leader|Capitán de los Montaraces de Ithilien
trp_a6_ithilien_leader_pl|Capitanes de los Montaraces de Ithilien
trp_i1_loss_woodsman|Leñador de Lossarnach
trp_i1_loss_woodsman_pl|Leñadores de Lossarnach
trp_i2_loss_axeman|Hachero de Lossarnach
trp_i2_loss_axeman_pl|Hacheros de Lossarnach 
trp_i3_loss_vet_axeman|Hachero veterano de Lossarnach
trp_i3_loss_vet_axeman_pl|Hacheros veteranos de Lossarnach
trp_i4_loss_heavy_axeman|Hachero pesado de Lossarnach
trp_i4_loss_heavy_axeman_pl|Hacheros pesados de Lossarnach 
trp_i5_loss_axemaster|Maestro hachero de Lossarnach
trp_i5_loss_axemaster_pl|Maestros hacheros de Lossarnach
trp_i6_loss_leader|Capitán de Lossarnach
trp_i6_loss_leader_pl|Capitanes de Lossarnach
trp_i1_pel_watchman|Vigía de Pelargir
trp_i1_pel_watchman_pl|Vigías de Pelargir
trp_a2_pel_marine|Infante de marina de Pelargir
trp_a2_pel_marine_pl|Infantes de marina de Pelargir
trp_a3_pel_vet_marine|Infante de marina veterano de Pelargir
trp_a3_pel_vet_marine_pl|Infantes de marina veteranos de Pelargir
trp_i2_pel_infantry|Infante de Pelargir
trp_i2_pel_infantry_pl|Infantes de Pelargir
trp_i3_pel_vet_infantry|Infante veterano de Pelargir
trp_i3_pel_vet_infantry_pl|Infantes veterana de Pelargir
trp_i6_pel_leader|Capitán de Pelargir
trp_i6_pel_leader_pl|Capitanes de Pelargir
trp_a6_pel_marine_leader|Capitán de infantería de marina de Pelargir
trp_a6_pel_marine_leader_pl|Capitanes de infantería de marina de Pelargir
trp_i1_lam_clansman|Miembro de los clanes de Lamedon
trp_i1_lam_clansman_pl|Miembros de los clanes de Lamedon
trp_i2_lam_footman|Infante de Lamedon
trp_i2_lam_footman_pl|Infantería de Lamedon
trp_i3_lam_veteran|Veterano de Lamedon
trp_i3_lam_veteran_pl|Veterano de Lamedon
trp_i4_lam_warrior|Guerrero de Lamedon
trp_i4_lam_warrior_pl|Guerreros de Lamedon
trp_i5_lam_champion|Campeón de Lamedon
trp_i5_lam_champion_pl|Campeones de Lamedon
trp_c5_lam_knight|Caballero de Lamedon
trp_c5_lam_knight_pl|Caballeros de Lamedon
trp_c6_lam_leader|Capitán de Lamedon
trp_c6_lam_leader_pl|Capitanes de Lamedon
trp_i1_pinnath_plainsman|Llanero de Pinnath Gelin
trp_i1_pinnath_plainsman_pl|Llaneros de Pinnath Gelin
trp_c2_pinnath_rider|Jinete de Pinath Gelin
trp_c2_pinnath_rider_pl|Jinetes de Pinath Gelin
trp_c3_pinnath_knight|Caballero de Pinath Gelin
trp_c3_pinnath_knight_pl|Caballeros de Pinath Gelin
trp_a2_pinnath_bowman|Hombre con arco de Pinnath Gelin
trp_a2_pinnath_bowman_pl|Hombres con arco de Pinnath Gelin
trp_a3_pinnath_archer|Arquero de Pinnath Gelin
trp_a3_pinnath_archer_pl|Arqueros de Pinnath Gelin
trp_c6_pinnath_leader|Capitán de Pinnath Gelin
trp_c6_pinnath_leader_pl|Capitanes de Pinnath Gelin
trp_a1_blackroot_hunter|Cazador del Valle de la Raíz Negra
trp_a1_blackroot_hunter_pl|Cazadores del Valle de la Raíz Negra
trp_a2_blackroot_bowman|Hombre con arco del Valle de la Raíz Negra
trp_a2_blackroot_bowman_pl|Hombres con arco del Valle de la Raíz Negra
trp_a3_blackroot_archer|Arquero del Valle de la Raíz Negra
trp_a3_blackroot_archer_pl|Arqueros del Valle de la Raíz Negra
trp_i2_blackroot_footman|Infante del Valle de la Raíz Negra
trp_i2_blackroot_footman_pl|Infantería del Valle de la Raíz Negra
trp_i3_blackroot_spearman|Lancero del Valle de la Raíz Negra
trp_i3_blackroot_spearman_pl|Lanceros del Valle de la Raíz Negra
trp_a5_blackroot_shadow_hunter|Cazador de sombras del Morthond
trp_a5_blackroot_shadow_hunter_pl|Cazadores de sombras del Morthond
trp_i1_amroth_recruit|Recluta de Dol Amroth
trp_i1_amroth_recruit_pl|Reclutas de Dol Amroth
trp_c2_amroth_squire|Escudero de Dol Amroth
trp_c2_amroth_squire_pl|Escuderos de Dol Amroth
trp_c3_amroth_vet_squire|Escudero veterano de Dol Amroth
trp_c3_amroth_vet_squire_pl|Escuderos veteranos de Dol Amroth
trp_c4_amroth_knight|Caballero de Dol Amroth
trp_c4_amroth_knight_pl|Caballeros de Dol Amroth
trp_c5_amroth_vet_knight|Caballero veterano de Dol Amroth
trp_c5_amroth_vet_knight_pl|Caballeros veterano de Dol Amroth
trp_c6_amroth_swan_knight|Caballero del Cisne de Dol Amroth
trp_c6_amroth_swan_knight_pl|Caballeros del Cisne de Dol Amroth
trp_c6_amroth_leader|Capitán de Dol Amroth
trp_c6_amroth_leader_pl|Capitanes de Dol Amroth
trp_a1_lorien_scout|Explorador de Lórien
trp_a1_lorien_scout_pl|Exploradores de Lórien
trp_a2_lorien_warden|Guardián de Lórien
trp_a2_lorien_warden_pl|Guardianes de Lórien
trp_a3_lorien_vet_warden|Guardián veterano de Lórien
trp_a3_lorien_vet_warden_pl|Guardianes veteranos de Lórien
trp_a4_lorien_gal_warden|Guardián Galadhrim
trp_a4_lorien_gal_warden_pl|Guardianes Galadhrim
trp_a5_lorien_gal_royal_warden|Guardián real Galadhrim
trp_a5_lorien_gal_royal_warden_pl|Guardianes reales Galadhrim
trp_a6_lorien_grey_warden|Guardián Gris
trp_a6_lorien_grey_warden_pl|Guardianes Grises
trp_galadhrim_royal_marksman|Tirador real Galadhrim
trp_galadhrim_royal_marksman_pl|Tiradores reales Galadhrim
trp_noldorin_mounted_archer|Arquero montado Noldorin
trp_noldorin_mounted_archer_pl|Arqueros montados Noldorin
trp_a2_lorien_archer|Arquero de Lórien
trp_a2_lorien_archer_pl|Arqueros de Lórien
trp_a3_lorien_vet_archer|Arquero veterano de Lórien
trp_a3_lorien_vet_archer_pl|Arqueros veteranos de Lórien
trp_a4_lorien_gal_archer|Arquero Galadhrim
trp_a4_lorien_gal_archer_pl|Arqueros Galadhrim
trp_a5_lorien_gal_royal_archer|Tirador real Galadhrim
trp_a5_lorien_gal_royal_archer_pl|Tiradores reales Galadhrim
trp_i3_lorien_inf|Infante de Lórien
trp_i3_lorien_inf_pl|Infantes de Lórien
trp_i4_lorien_gal_inf|Infante Galadhrim
trp_i4_lorien_gal_inf_pl|Infantes Galadhrim
trp_i5_lorien_gal_royal_inf|Guardia Real Galadhrim
trp_i5_lorien_gal_royal_inf_pl|Guardias Reales Galadhrim
trp_lothlorien_standard_bearer|Portaestandarte de Lórien
trp_lothlorien_standard_bearer_pl|Portaestandartes de Lórien
trp_a1_greenwood_scout|Explorador del Bosque Verde
trp_a1_greenwood_scout_pl|Exploradores del Bosque Verde
trp_a2_greenwood_veteran_scout|Explorador veterano del Bosque Verde
trp_a2_greenwood_veteran_scout_pl|Exploradores veteranos del Bosque Verde
trp_a3_greenwood_archer|Arquero del Bosque Verde
trp_a3_greenwood_archer_pl|Arqueros del Bosque Verde
trp_a4_greenwood_veteran_archer|Arquero veterano del Bosque Verde
trp_a4_greenwood_veteran_archer_pl|Arqueros veteranos del Bosque Verde
trp_a5_greenwood_master_archer|Maestro arquero del Bosque Verde
trp_a5_greenwood_master_archer_pl|Maestros arqueros del Bosque Verde
trp_a6_greenwood_chosen_marksman|Tirador selecto de Thranduil
trp_a6_greenwood_chosen_marksman_pl|Tiradores selectos de Thranduil
trp_a3_greenwood_sentinel|Centinela del Bosque Verde
trp_a3_greenwood_sentinel_pl|Centinelas del Bosque Verde
trp_a4_greenwood_vet_sentinel|Centinela veterano del Bosque Verde
trp_a4_greenwood_vet_sentinel_pl|Centinelas veteranos del Bosque Verde
trp_a5_greenwood_vigilant|Defensor del Bosque Verde
trp_a5_greenwood_vigilant_pl|Defensores del Bosque Verde
trp_i2_greenwood_infantry|Infante del Bosque Verde
trp_i2_greenwood_infantry_pl|Infantes del Bosque Verde
trp_i3_greenwood_vet_infantry|Infante veterano del Bosque Verde
trp_i3_greenwood_vet_infantry_pl|Infantes veterana del Bosque Verde
trp_i4_greenwood_elite_infantry|Infante de élite del Bosque Verde
trp_i4_greenwood_elite_infantry_pl|Infantes de élite del Bosque Verde
trp_i5_greenwood_chosen_shieldmaster|Escudero selecto de Thranduil
trp_i5_greenwood_chosen_shieldmaster_pl|Escuderos selectos de Thranduil
trp_i5_greenwood_chosen_spearmaster|Lancero selecto de Thranduil
trp_i5_greenwood_chosen_spearmaster_pl|Lanceros selectos de Thranduil
trp_i5_greenwood_standard_bearer|Portaestandarte del Bosque Verde
trp_i5_greenwood_standard_bearer_pl|Portaestandartes del Bosque Verde
trp_a1_riv_scout|Explorador de Rivendel
trp_a1_riv_scout_pl|Exploradores de Rivendel
trp_a2_riv_vet_scout|Explorador veterano de Rivendel
trp_a2_riv_vet_scout_pl|Exploradores veteranos de Rivendel
trp_a3_riv_archer|Arqueo de Rivendel
trp_a3_riv_archer_pl|Arqueros de Rivendel
trp_a4_riv_vet_archer|Arquero veterano de Rivendel
trp_a4_riv_vet_archer_pl|Arqueros veteranos de Rivendel
trp_a5_riv_master_archer|Maestro arquero de Rivendel
trp_a5_riv_master_archer_pl|Maestros arqueros de Rivendel
trp_a6_riv_guardian|Guardián de Imladris
trp_a6_riv_guardian_pl|Guardianes de Imladris
trp_i3_riv_swordbearer|Infante de Rivendel
trp_i3_riv_swordbearer_pl|Infantes de Rivendel
trp_i4_riv_vet_swordbearer|Infante veterano de Rivendel
trp_i4_riv_vet_swordbearer_pl|Infantes veteranos de Rivendel
trp_i5_riv_swordmaster|Infante de élite de Rivendel
trp_i5_riv_swordmaster_pl|Infantes de élite de Rivendel
trp_i6_riv_champion|Campeón de Imladris
trp_i6_riv_champion_pl|Campeones de Imladris
trp_ac5_riv_rider|Jinete de Rivendel
trp_ac5_riv_rider_pl|Jinetes de Rivendel
trp_ac6_riv_knight|Caballero de Imladris
trp_ac6_riv_knight_pl|Caballeros de Imladris
trp_i6_rivendell_standard_bearer|Portaestandarte de Rivendel
trp_i6_rivendell_standard_bearer_pl|Portaestandartes de Rivendel
trp_a1_arnor_scout|Explorador Dúnadan
trp_a1_arnor_scout_pl|Exploradores Dúnedain
trp_a2_arnor_vet_scout|Rastreador Dúnadan
trp_a2_arnor_vet_scout_pl|Rastreadores Dúnedain
trp_i3_arnor_swordsman|Espadachín Dúnadan
trp_i3_arnor_swordsman_pl|Espadachines Dúnedain
trp_i4_arnor_vet_swordsman| Espadachín Dúnadan veterano
trp_i4_arnor_vet_swordsman_pl|Espadachines Dúnedain veteranos
trp_i5_arnor_champion|Campeón de Arnor
trp_i5_arnor_champion_pl|Campeones de Arnor
trp_c4_arnor_horseman|Jinete Dúnadan
trp_c4_arnor_horseman_pl|Jinetes Dúnedain
trp_c5_arnor_knight|Caballero de Arnor
trp_c5_arnor_knight_pl|Caballeros de Arnor
trp_a3_arnor_ranger|Montaraz Dúnadan
trp_a3_arnor_ranger_pl|Montaraces Dúnedain
trp_a4_arnor_vet_ranger|Montaraz Dúnadan veterano
trp_a4_arnor_vet_ranger_pl|Montaraces Dúnedain veteranos
trp_a5_arnor_master_ranger|Montaraz experto de Arnor
trp_a5_arnor_master_ranger_pl|Montaraces expertos de Arnor
trp_i1_rohan_youth|Joven de Rohan
trp_i1_rohan_youth_pl|Jóvenes de Rohan
trp_i2_guardsman_of_rohan|Guardia de Rohan
trp_i2_guardsman_of_rohan_pl|Guardias de Rohan
trp_i3_footman_of_rohan|Infante de Rohan
trp_i3_footman_of_rohan_pl|Infantes de Rohan
trp_i4_veteran_footman_of_rohan|Infante veterano de Rohan
trp_i4_veteran_footman_of_rohan_pl|Infantes veterana de Rohan
trp_i5_elite_footman_of_rohan|Infante de élite de Rohan
trp_i5_elite_footman_of_rohan_pl|Infantes de élite de Rohan
trp_i6_footman_guard_of_rohan|Guardia Folcwine de Rohan
trp_i6_footman_guard_of_rohan_pl|Guardias Folcwine de Rohan
trp_i6_frealaf_raider|Incursor Fréaláf de Rohan
trp_i6_frealaf_raider_pl|Incursores Fréaláf de Rohan
trp_i5_raider_of_rohan|Incursor de Rohan
trp_i5_raider_of_rohan_pl|Incursores de Rohan
trp_i6_warden_of_methuseld|Guardián de Meduseld
trp_i6_warden_of_methuseld_pl|Guardianes de Meduseld
trp_ac3_skirmisher_of_rohan|Escaramuzador de Rohan
trp_ac3_skirmisher_of_rohan_pl|Escaramuzadores de Rohan
trp_ac4_veteran_skirmisher_of_rohan|Escaramuzador veterano de Rohan
trp_ac4_veteran_skirmisher_of_rohan_pl|Escaramuzadores veteranos de Rohan
trp_ac5_elite_skirmisher_of_rohan|Escaramuzador de élite de Rohan
trp_ac5_elite_skirmisher_of_rohan_pl|Escaramuzadores de élite de Rohan
trp_ac6_skirmisher_guard_of_rohan|Guardia Thengel de Rohan
trp_ac6_skirmisher_guard_of_rohan_pl|Guardias Thengel de Rohan
trp_c4_lancer_of_rohan|Lancero de Rohan
trp_c4_lancer_of_rohan_pl|Lanceros de Rohan
trp_c5_elite_lancer_of_rohan|Lancero de éite de Rohan
trp_c5_elite_lancer_of_rohan_pl|Lanceros de élite de Rohan
trp_c6_lancer_guard_of_rohan|Guardia Brego de Rohan
trp_c6_lancer_guard_of_rohan_pl|Guardias Brego de Rohan
trp_c6_king_s_man_of_rohan|Guardia del Rey
trp_c6_king_s_man_of_rohan_pl|Guardias del Rey
trp_c2_squire_of_rohan|Escudero de Rohan
trp_c2_squire_of_rohan_pl|Escuderos de Rohan
trp_c3_rider_of_rohan|Jinete de Rohan
trp_c3_rider_of_rohan_pl|Jinetes de Rohan
trp_c4_veteran_rider_of_rohan|Jinete veterano de Rohan
trp_c4_veteran_rider_of_rohan_pl|Jinetes veteranos de Rohan
trp_c5_elite_rider_of_rohan|Jinete de élite de Rohan
trp_c5_elite_rider_of_rohan_pl|Jinetes de élite de Rohan
trp_c6_rider_guard_of_rohan|Guardia Eorl de Rohan
trp_c6_rider_guard_of_rohan_pl|Guardias Eorl de Rohan
trp_i6_2h_guard_of_rohan|Guardia Helm de Rohan
trp_i6_2h_guard_of_rohan_pl|Guardias Helm de Rohan
trp_ac3_dism_skirmisher_of_rohan2|Escaramuzador de Rohan
trp_ac3_dism_skirmisher_of_rohan2_pl|Escaramuzadores de Rohan
trp_ac4_dism_veteran_skirmisher_of_rohan2|Escaramuzador veterano de Rohan
trp_ac4_dism_veteran_skirmisher_of_rohan2_pl|Escaramuzadores veteranos de Rohan
trp_ac5_dism_elite_skirmisher_of_rohan2|Escaramuzador de élite de Rohan
trp_ac5_dism_elite_skirmisher_of_rohan2_pl|Escaramuzadores de élite de Rohan
trp_i1_harad_levy|Recluta de Harad
trp_i1_harad_levy_pl|Reclutas de Harad
trp_i3_harad_infantry|Infante ligero Haradrim
trp_i3_harad_infantry_pl|Infantes ligeros Haradrim
trp_i4_harad_spearman|Lancero de Harad
trp_i4_harad_spearman_pl|Lanceros de Harad
trp_i5_harad_tiger_guard|Guardia Tigre
trp_i5_harad_tiger_guard_pl|Guardias Tigre
trp_i4_harad_swordsman|Espadachín de Harad
trp_i4_harad_swordsman_pl|Espadachines de Harad
trp_i5_harad_lion_guard|Guardia León
trp_i5_harad_lion_guard_pl|Guardias León
trp_a3_harad_hunter|Cazador de Harad
trp_a3_harad_hunter_pl|Cazadores de Harad
trp_a4_harad_archer|Arquero Haradrim
trp_a4_harad_archer_pl|Arqueros Haradrim
trp_a5_harad_eagle_guard|Guardia Águila
trp_a5_harad_eagle_guard_pl|Guardias Águila
trp_c2_harondor_scout|Explorador de Harondor
trp_c2_harondor_scout_pl|Exploradores de Harondor
trp_c3_harondor_rider|Jinete de Harondor
trp_c3_harondor_rider_pl|Jinetes de Harondor
trp_c4_harondor_light_cavalry|Jinete ligero de Harondor
trp_c4_harondor_light_cavalry_pl|Jinetes ligeros de Harondor
trp_c5_harondor_serpent_knight|Caballero de la Serpiente Dorada
trp_c5_harondor_serpent_knight_pl|Caballeros de la Serpiente Dorada
trp_ac3_harondor_skirmisher|Escaramuzador de Harondor
trp_ac3_harondor_skirmisher_pl|Escaramuzadores de Harondor
trp_ac4_harondor_horse_archer|Arquero montado de Harondor
trp_ac4_harondor_horse_archer_pl|Arqueros montados de Harondor
trp_ac5_harondor_black_snake|Arquero montado de la Serpiente Negra
trp_ac5_harondor_black_snake_pl|Arqueros montados de la Serpiente Negra
trp_i2_far_harad_tribesman|Miembro de las tribus de la Lejana Harad
trp_i2_far_harad_tribesman_pl|Miembros de las Tribus de la Lejana Harad
trp_i4_far_harad_champion|Campeón de la Lejana Harad
trp_i4_far_harad_champion_pl|Campeones de la Lejana Harad
trp_i5_far_harad_panther_guard|Guardia Pantera
trp_i5_far_harad_panther_guard_pl|Guardias Pantera
trp_i1_dun_wildman|Salvaje dunlendino
trp_i1_dun_wildman_pl|Salvajes dunlendinos
trp_i2_dun_warrior|Guerrero dunlendino
trp_i2_dun_warrior_pl|Guerreros dunlendinos
trp_i3_dun_pikeman|Piquero dunlendino
trp_i3_dun_pikeman_pl|Piqueros dunlendinos
trp_i4_dun_vet_pikeman|Piquero veterano dunlendino
trp_i4_dun_vet_pikeman_pl|Piqueros veteranos dunlendinos
trp_ac4_dun_crebain_rider|Jinete de craban dunlendino
trp_ac4_dun_crebain_rider_pl|Jinetes de crebain dunlendinos
trp_i3_dun_vet_warrior|Guerrero veterano dunlendino
trp_i3_dun_vet_warrior_pl|Guerreros veteranos dunlendinos
trp_i4_dun_wolf_warrior|Guerrero lobo dunlendino
trp_i4_dun_wolf_warrior_pl|Guerreros lobo dunlendinos
trp_i5_dun_wolf_guard|Guardia Lobo dunlendino
trp_i5_dun_wolf_guard_pl|Guardias Lobo dunlendinos
trp_ac5_dun_raven_rider|Cuervo Nocturno dunlendino
trp_ac5_dun_raven_rider_pl|Cuervos Nocturnos dunlendinos
trp_i1_khand_bondsman|Esclavo de Khand
trp_i1_khand_bondsman_pl|Esclavos de Khand
trp_i2_khand_pit_dog|Perro de pelea de Khand
trp_i2_khand_pit_dog_pl|Perros de pelea de Khand
trp_i3_khand_warrior|Guerrero de Khand
trp_i3_khand_warrior_pl|Guerreros de Khand
trp_i4_khand_vet_warrior|Guerrero veterano de Khand
trp_i4_khand_vet_warrior_pl|Guerreros veteranos de Khand
trp_i5_khand_war_master|Señor de la guerra Variag
trp_i5_khand_war_master_pl|Señores de la guerra Variag
trp_c2_khand_pony_rider|Jinete de póney de Khand
trp_c2_khand_pony_rider_pl|Jinetes de póneys de Khand
trp_c3_khand_horseman|Jinete de Khand
trp_c3_khand_horseman_pl|Jinetes de Khand
trp_c4_khand_heavy_horseman|Jinete pesado de Khand
trp_c4_khand_heavy_horseman_pl|Jinetes pesados de Khand
trp_c5_khand_kataphrakt|Catafracto Variag
trp_c5_khand_kataphrakt_pl|Catafractos Variag
trp_c5_khand_lance_kataphrakt|Lancero Variag
trp_c5_khand_lance_kataphrakt_pl|Lanceros Variag
trp_i4_khand_halberdier|Archero de Khand
trp_i4_khand_halberdier_pl|Archeros de Khand
trp_i5_khand_halberd_master|Maestro alabardero Variag
trp_i5_khand_halberd_master_pl|Maestros alabarderos Variag
trp_i3_khand_pitfighter|Luchador del reñidero de Khand
trp_i3_khand_pitfighter_pl|Luchadores del reñidero de Khand
trp_i4_khand_pit_champion|Campeón del reñidero Variag
trp_i4_khand_pit_champion_pl|Campeones del reñidero Variag
trp_i5_khand_pit_master|Amo del reñidero Variag
trp_i5_khand_pit_master_pl|Amos del reñidero Variag
trp_ac3_khand_skirmisher|Escaramuzador de Khand
trp_ac3_khand_skirmisher_pl|Escaramuzadores de Khand
trp_ac4_khand_vet_skirmisher|Escaramuzador veterano de Khand
trp_ac4_khand_vet_skirmisher_pl|Escaramuzadores veteranos de Khand
trp_ac5_khand_heavy_skirmisher|Escaramuzador pesado Variag
trp_ac5_khand_heavy_skirmisher_pl|Escaramuzadores pesados Variag
trp_i1_corsair_youth|Marinero de Umbar
trp_i1_corsair_youth_pl|Marineros de Umbar
trp_i2_corsair_warrior|Guerrero de Umbar
trp_i2_corsair_warrior_pl|Guerreros de Umbar
trp_i3_corsair_spearman|Lancero de Umbar
trp_i3_corsair_spearman_pl|Lanceros de Umbar
trp_i4_corsair_raider|Incursor corsario
trp_i4_corsair_raider_pl|Incursores corsarios
trp_i5_corsair_night_raider|Incursor nocturno corsario
trp_i5_corsair_night_raider_pl|Incursores nocturnos corsarios
trp_a2_corsair_marine|Infante de marina de Umbar
trp_a2_corsair_marine_pl|Infantes de marina de Umbar
trp_a3_corsair_marksman|Tirador de Umbar
trp_a3_corsair_marksman_pl|Tiradores de Umbar
trp_a4_corsair_veteran_marksman|Tirador veterano de Umbar
trp_a4_corsair_veteran_marksman_pl|Tiradores veteranos de Umbar
trp_a5_corsair_master_marksman|Maestro tirador corsario
trp_a5_corsair_master_marksman_pl|Maestros tiradores corsarios
trp_i3_corsair_swordsman|Espadachín de Umbar
trp_i3_corsair_swordsman_pl|Espadachines de Umbar
trp_i4_corsair_veteran_swordsman|Espadachín veterano de Umbar
trp_i4_corsair_veteran_swordsman_pl|Espadachines veteranos de Umbar
trp_i5_corsair_master_swordsman|Maestro espadachín corsario
trp_i5_corsair_master_swordsman_pl|Maestros espadachines corsarios
trp_a4_corsair_assassin|Asesino corsario
trp_a4_corsair_assassin_pl| Asesinos corsarios
trp_a5_corsair_master_assassin|Asesino corsario
trp_a5_corsair_master_assassin_pl| Asesinos corsarios
trp_i4_corsair_veteran_spearman|Lancero veterano de Umbar
trp_i4_corsair_veteran_spearman_pl|Lanceros veteranos de Umbar
trp_i5_corsair_master_spearman|Maestro lancero de Umbar
trp_i5_corsair_master_spearman_pl|Maestros lanceros de Umbar
trp_i5_corsair_master_pikeman|Maestro piquero de Umbar
trp_i5_corsair_master_pikeman_pl|Maestros piqueros de Umbar
trp_i1_isen_orc_snaga|Orco snaga de Isengard
trp_i1_isen_orc_snaga_pl|Orcos snagas de Isengard
trp_i2_isen_orc|Orco de Isengard
trp_i2_isen_orc_pl|Orcos de Isengard
trp_i3_isen_large_orc|Gran orco de Isengard
trp_i3_isen_large_orc_pl|Orcos grandes de Isengard
trp_i4_isen_fell_orc|Orco feroz de Isengard
trp_i4_isen_fell_orc_pl|Orcos feroces de Isengard
trp_i3_isen_large_orc_despoiler|Gran orco saqueador
trp_i3_isen_large_orc_despoiler_pl|Orcos grandes saqueadores
trp_i4_isen_fell_orc_despoiler|Orco feroz saqueador
trp_i4_isen_fell_orc_despoiler_pl|Orcos feroces saqueadores
trp_ac2_isen_wolf_rider|Jinete de lobo de Isengard
trp_ac2_isen_wolf_rider_pl|Jinetes de lobo de Isengard
trp_ac3_isen_warg_rider|Jinete de huargo de Isengard
trp_ac3_isen_warg_rider_pl|Jinetes de huargo de Isengard
trp_ac4_isen_white_hand_rider|Jinete de la Mano Blanca
trp_ac4_isen_white_hand_rider_pl|Jinetes de la Mano Blanca
trp_warg_ghost_1b|Huargo
trp_warg_ghost_1b_pl|Huargos
trp_warg_ghost_1c|Huargo
trp_warg_ghost_1c_pl|Huargos
trp_warg_ghost_1d|Huargo
trp_warg_ghost_1d_pl|Huargos
trp_warg_ghost_a1b|Huargo
trp_warg_ghost_a1b_pl|Huargos
trp_warg_ghost_a1c|Huargo de guerra
trp_warg_ghost_a1c_pl|Huargos de guerra
trp_warg_ghost_a2b|Huargo de guerra
trp_warg_ghost_a2b_pl|Huargos de guerra
trp_warg_ghost_a2c|Huargo de Guerra
trp_warg_ghost_a2c_pl|Huargos de Guerra
trp_warg_ghost_a3a|Huargo de Guerra
trp_warg_ghost_a3a_pl|Huargos de Guerra
trp_warg_ghost_h|Huargo Gigante
trp_warg_ghost_h_pl|Huargos Gigantes
trp_a2_isen_uruk_tracker|Rastreador Uruk-hai
trp_a2_isen_uruk_tracker_pl|Rastreadores Uruk-hai
trp_a3_isen_large_uruk_tracker|Gran rastreador Uruk-hai
trp_a3_isen_large_uruk_tracker_pl|Grandes rastreadores Uruk-hai
trp_a4_isen_fighting_uruk_tracker|Guerrero rastreador Uruk-hai
trp_a4_isen_fighting_uruk_tracker_pl|Guerreros rastreadores Uruk-hai
trp_i6_isen_uruk_berserker|Berserker Uruk-hai
trp_i6_isen_uruk_berserker_pl|Berserkers Uruk-hai
trp_i1_isen_uruk_snaga|Uruk-hai neonato
trp_i1_isen_uruk_snaga_pl|Uruk-hai neonatos
trp_i2_isen_uruk|Uruk-hai de Isengard
trp_i2_isen_uruk_pl|Uruk-hai de Isengard
trp_i3_isen_large_uruk|Gran Uruk-hai de Isengard
trp_i3_isen_large_uruk_pl|Grandes Uruk-hai de Isengard
trp_i4_isen_fighting_uruk_warrior|Guerrero Uruk-hai
trp_i4_isen_fighting_uruk_warrior_pl|Guerreros Uruk-hai
trp_i5_isen_fighting_uruk_champion|Campeón Uruk-hai
trp_i5_isen_fighting_uruk_champion_pl|Campeones Uruk-hai
trp_i3_isen_uruk_pikeman|Piquero Uruk-hai
trp_i3_isen_uruk_pikeman_pl|Piqueros Uruk-hai
trp_i4_isen_fighting_uruk_pikeman|Piquero de combate Uruk-hai
trp_i4_isen_fighting_uruk_pikeman_pl|Piqueros de combate Uruk-hai
trp_i5_isen_uruk_standard_bearer|Portaestandarte Uruk-hai
trp_i5_isen_uruk_standard_bearer_pl|Portaestandartes Uruk-hai
trp_i1_mordor_uruk_snaga|Uruk snaga de Mordor
trp_i1_mordor_uruk_snaga_pl|Uruks snagas de Mordor
trp_i2_mordor_uruk|Uruk de Mordor
trp_i2_mordor_uruk_pl|Uruks de Mordor
trp_i3_mordor_large_uruk|Gran uruk de Mordor
trp_i3_mordor_large_uruk_pl|Uruks grandes de Mordor
trp_i4_mordor_fell_uruk|Uruk feroz de Mordor
trp_i4_mordor_fell_uruk_pl|Uruks feroces de Mordor
trp_i3_mordor_uruk_slayer|Uruk asesino de Mordor
trp_i3_mordor_uruk_slayer_pl|Uruks asesinos de Mordor
trp_i4_mordor_fell_uruk_slayer|Uruk asesino feroz de Mordor
trp_i4_mordor_fell_uruk_slayer_pl|Uruks asesinos feroces de Mordor
trp_i5_mordor_black_uruk|Uruk negro de Barad Dûr
trp_i5_mordor_black_uruk_pl|Uruks negros de Barad Dûr
trp_i5_mordor_uruk_standard_bearer|Portaestandarte de Mordor
trp_i5_mordor_uruk_standard_bearer_pl|Portaestandartes de Mordor
trp_troll_of_moria|Troll de las Cavernas
trp_troll_of_moria_pl|Trolls de las Cavernas
trp_armoured_troll|Troll de Guerra
trp_armoured_troll_pl|Trolls de Guerra
trp_olog_hai|Olog-hai de Mordor
trp_olog_hai_pl|Olog-hai de Mordor
trp_ent_old|Ent
trp_ent_old_pl|Ents
trp_i1_guldur_orc_snaga|Orco snaga de Dol Guldur
trp_i1_guldur_orc_snaga_pl|Orcos snagas de Dol Guldur
trp_a2_guldur_orc_tracker|Rastreador orco de Dol Guldur
trp_a2_guldur_orc_tracker_pl|Rastreadores orcos de Dol Guldur
trp_i1_mordor_orc_snaga|Orco snaga de Mordor
trp_i1_mordor_orc_snaga_pl|Orcos snagas de Mordor
trp_i2_mordor_orc|Orco de Mordor
trp_i2_mordor_orc_pl|Orcos de Mordor
trp_i3_mordor_large_orc|Gran orco de Mordor
trp_i3_mordor_large_orc_pl|Orcos grandes de Mordor
trp_i4_mordor_fell_orc|Orco feroz de Mordor
trp_i4_mordor_fell_orc_pl|Orcos feroces de Mordor
trp_c3_mordor_warg_rider|Jinete de huargo de Gorgoroth
trp_c3_mordor_warg_rider_pl|Jinetes de huargo de Gorgoroth
trp_c4_mordor_great_warg_rider|Gran jinete de huargo de Udûn
trp_c4_mordor_great_warg_rider_pl|Grandes jinetes de huargo de Udûn
trp_i2_mordor_morgul_orc|Orco de Minas Morgul
trp_i2_mordor_morgul_orc_pl|Orcos de Minas Morgul
trp_i4_mordor_fell_morgul_orc|Orco feroz de Minas Morgul
trp_i4_mordor_fell_morgul_orc_pl|Orcos feroces de Minas Morgul
trp_a3_guldur_large_orc_tracker|Gran rastreador orco de Dol Guldur
trp_a3_guldur_large_orc_tracker_pl|Grandes rastreadores orcos de Dol Guldur
trp_a4_guldur_fell_orc_tracker|Rastreador orco feroz de Dol Guldur
trp_a4_guldur_fell_orc_tracker_pl|Rastreadores orcos feroces de Dol Guldur
trp_a2_mordor_orc_archer|Arquero orco de Mordor
trp_a2_mordor_orc_archer_pl|Arqueros orcos de Mordor
trp_a3_mordor_large_orc_archer|Gran arquero orco de Mordor
trp_a3_mordor_large_orc_archer_pl|Grandes arqueros orcos de Mordor
trp_a4_mordor_fell_orc_archer|Arquero orco feroz de Mordor
trp_a4_mordor_fell_orc_archer_pl|Arqueros orcos feroces de Mordor
trp_c3_moria_wolf_rider|Jinete de lobo de Moria
trp_c3_moria_wolf_rider_pl|Jinetes de lobo de Moria
trp_c4_moria_warg_rider|Jinete de huargo de Moria
trp_c4_moria_warg_rider_pl|Jinetes de huargo de Moria
trp_c5_moria_clan_rider|Jinete del clan Bolgo
trp_c5_moria_clan_rider_pl|Jinetes del clan Bolgo
trp_i1_moria_snaga|Trasgo snaga de Moria
trp_i1_moria_snaga_pl|Trasgos snagas de Moria
trp_i2_moria_goblin|Trasgo de Moria
trp_i2_moria_goblin_pl|Trasgos de Moria
trp_i3_moria_large_goblin|Gran trasgo de Moria
trp_i3_moria_large_goblin_pl|Trasgos grandes de Moria
trp_i4_moria_fell_goblin|Trasgo feroz de Moria
trp_i4_moria_fell_goblin_pl|Trasgo feroz de Moria
trp_a2_moria_goblin_archer|Trasgo arquero de Moria
trp_a2_moria_goblin_archer_pl|Trasgos arqueros de Moria
trp_a3_moria_large_goblin_archer|Gran trasgo arquero de Moria
trp_a3_moria_large_goblin_archer_pl|Grandes trasgos arqueros de Moria
trp_a4_moria_fell_goblin_archer|Trasgo arquero feroz de Moria
trp_a4_moria_fell_goblin_archer_pl|Trasgos arqueros feroces de Moria
trp_i1_gunda_goblin|Trasgo de Gundabad
trp_i1_gunda_goblin_pl|Trasgos de Gundabad
trp_i2_gunda_orc|Orco de Gundabad
trp_i2_gunda_orc_pl|Orcos de Gundabad
trp_i3_gunda_orc_fighter|Luchador orco de Gundabad
trp_i3_gunda_orc_fighter_pl|Luchadores orcos de Gundabad
trp_i4_gunda_orc_warrior|Guerrero orco de Gundabad
trp_i4_gunda_orc_warrior_pl|Guerreros orcos de Gundabad
trp_i4_gunda_orc_berserker|Berserker orco de Gundabad
trp_i4_gunda_orc_berserker_pl|Berserkers orcos de Gundabad
trp_ca4_gunda_skirmisher|Escaramuzador de Gundabad
trp_ca4_gunda_skirmisher_pl|Escaramuzadores de Gundabad
trp_ca5_gunda_clan_skirmisher|Escaramuzador trasgo del clan del Norte
trp_ca5_gunda_clan_skirmisher_pl|Escaramuzadores trasgos del clan del Norte
trp_c3_gunda_goblin_rider|Jinete trasgo de Gundabad
trp_c3_gunda_goblin_rider_pl|Jinetes trasgos de Gundabad
trp_c4_gunda_warg_rider|Jinete de huargo de Gundabad
trp_c4_gunda_warg_rider_pl|Jinetes de huargo de Gundabad
trp_c5_gunda_clan_rider|Jinete trasgo del clan del Norte
trp_c5_gunda_clan_rider_pl|Jinetes trasgos del clan del Norte
trp_i5_gunda_orc_champion|Campeón orco de Gundabad
trp_i5_gunda_orc_champion_pl|Campeones orcos de Gundabad
trp_mountain_goblin2|Trasgo de montaña
trp_mountain_goblin2_pl|Trasgos de montaña
trp_tribal_orc2|Orco tribal
trp_tribal_orc2_pl|Orcos tribales
trp_i5_gunda_orc_champion2|Campeón orco de Gundabad
trp_i5_gunda_orc_champion2_pl|Campeones orcos de Gundabad
trp_i2_mordor_num_renegade|Renegado Númenóreano Negro
trp_i2_mordor_num_renegade_pl|Renegadso Númenóreanos Negros
trp_i3_mordor_num_warrior|Guerrero Númenóreano Negro
trp_i3_mordor_num_warrior_pl|Guerreros Númenóreanos Negros
trp_i4_mordor_num_vet_warrior|Guerrero veterano Númenóreano Negro
trp_i4_mordor_num_vet_warrior_pl|Guerreros veteranos Númenóreanos Negros
trp_i5_mordor_num_champion|Campeón Númenóreano Negro
trp_i5_mordor_num_champion_pl|Campeones Númenóreanos Negros
trp_i5_mordor_num_assassin|Asesino Númenóreano Negro
trp_i5_mordor_num_assassin_pl|Asesinos Númenóreanos Negros
trp_c4_mordor_num_horseman|Jinete Númenóreano Negro
trp_c4_mordor_num_horseman_pl|Jinetes Númenóreanos Negros
trp_c5_mordor_num_knight|Jinete experto Númenóreano Negro
trp_c5_mordor_num_knight_pl|Jinetes expertos Númenóreanos Negros
trp_noldorin_commander|Comandante Noldorin
trp_noldorin_commander_pl|Comandantes Noldorin
trp_elf_captain_of_lothlorien|Capitán elfo de Lórien
trp_elf_captain_of_lothlorien_pl|Capitanes elfos de Lórien
trp_lothlorien_lieutenant|Teniente de Lórien
trp_lothlorien_lieutenant_pl|Tenientes de Lórien
trp_elf_captain_of_mirkwood|Capitán elfo del Bosque Verde
trp_elf_captain_of_mirkwood_pl|Capitanes elfos del Bosque Verde
trp_mirkwood_lieutenant|Teniente del Bosque Verde
trp_mirkwood_lieutenant_pl|Tenientes del Bosque Verde
trp_elf_captain_of_rivendell|Capitán elfo de Rivendel
trp_elf_captain_of_rivendell_pl|Capitanes elfos de Rivendel
trp_rivendell_lieutenant|Teniente de Rivendel
trp_rivendell_lieutenant_pl|Tenientes de Rivendel
trp_lieutenant_of_rohan|Teniente de Rohan
trp_lieutenant_of_rohan_pl|Tenientes de Rohan
trp_captain_of_rohan|Capitán de Rohan
trp_captain_of_rohan_pl|Capitanes de Rohan
trp_high_captain_of_rohan|Alto capitán de Rohan
trp_high_captain_of_rohan_pl|Altos capitanes de Rohan
trp_lieutenant_of_isengard|Teniente de Isengard
trp_lieutenant_of_isengard_pl|Tenientes de Isengard
trp_captain_of_isengard|Capitán de Isengard
trp_captain_of_isengard_pl|Capitán de Isengard
trp_high_captain_of_isengard|Gran capitán de Isengard
trp_high_captain_of_isengard_pl|Grandes capitanes de Isengard
trp_lieutenant_of_mordor|Teniente de Mordor
trp_lieutenant_of_mordor_pl|Tenientes de Mordor
trp_captain_of_mordor|Capitán de Mordor
trp_captain_of_mordor_pl|Capitanes de Mordor
trp_high_captain_of_mordor|Gran capitán de Mordor
trp_high_captain_of_mordor_pl|Grandes capitanes de Mordor
trp_easterling_chieftain|Caudillo Variag
trp_easterling_chieftain_pl|Caudillo Variag
trp_easterling_lieutenant|Sacerdote guerrero Variag
trp_easterling_lieutenant_pl|Sacerdotes guerreros Variag
trp_harad_chieftain|Cacique Haradrim
trp_harad_chieftain_pl|Caciques Haradrim
trp_harad_lieutenant|Teniente Haradrim
trp_harad_lieutenant_pl|Tenientes Haradrim
trp_black_numenorean_captain|Capitán Númenóreano Negro
trp_black_numenorean_captain_pl|Capitanes Númenóreanos Negros
trp_black_numenorean_lieutenant|Teniente Númenóreano Negro
trp_black_numenorean_lieutenant_pl|Tenientes Númenóreanos Negros
trp_a5_dun_night_wolf|Lobo Nocturno dunlendino
trp_a5_dun_night_wolf_pl|Lobos Nocturnos dunlendinos
trp_dunnish_lieutenant|Caudillo dunlendino
trp_dunnish_lieutenant_pl|Caudillo dunlendinos
trp_goblin_chieftain|Cacique trasgo
trp_goblin_chieftain_pl|Caciques trasgos
trp_captain_of_gondor|Capitán de Gondor
trp_captain_of_gondor_pl|Capitanes de Gondor
trp_nobleman|Noble
trp_nobleman_pl|Nobles
trp_gondor_agent|Agente de Gondor
trp_gondor_agent_pl|Agentes de Gondor
trp_rohan_agent|Agente de Rohan
trp_rohan_agent_pl|Agentes de Rohan
trp_mordor_agent|Agente de Mordor
trp_mordor_agent_pl|Agentes de Mordor
trp_isengard_agent|Agente de Isengard
trp_isengard_agent_pl|Agentes de Isengard
trp_looter|Saqueador
trp_looter_pl|Saqueadores
trp_bandit|Bandido
trp_bandit_pl|Bandidos
trp_brigand|Bandolero
trp_brigand_pl|Bandoleros
trp_mountain_bandit|Bandido de la montaña
trp_mountain_bandit_pl|Bandidos de la montaña
trp_forest_bandit|Bandido del bosque
trp_forest_bandit_pl|Bandidos del bosque
trp_sea_raider|Pirata
trp_sea_raider_pl|Piratas
trp_steppe_bandit|Bandido de la estepa
trp_steppe_bandit_pl|Bandidos de la Estepa
trp_manhunter|Cazarrecompensas
trp_manhunter_pl|Cazarrecompensas
trp_kidnapped_girl|Muchacha secuestrada
trp_kidnapped_girl_pl|Muchachas secuestradas
trp_refugee|Refugiado
trp_refugee_pl|Refugiados
trp_peasant_woman|Campesina
trp_peasant_woman_pl|Campesinas
trp_caravan_master|Caravanero
trp_caravan_master_pl|Caravaneros
trp_caravan_guard|Guardia de caravana
trp_caravan_guard_pl|Guardias de caravana
trp_messenger_man|Mensajero
trp_messenger_man_pl|Mensajeros
trp_messenger_elf|Mensajero
trp_messenger_elf_pl|Mensajeros
trp_messenger_dwarf|Mensajero
trp_messenger_dwarf_pl|Mensajeros
trp_messenger_orc|Mensajero
trp_messenger_orc_pl|Mensajeros
trp_messenger_evil_man|Mensajero
trp_messenger_evil_man_pl|Mensajeros
trp_town_walker_1|Ciudadano
trp_town_walker_1_pl|Ciudadanos
trp_town_walker_2|Ciudadana
trp_town_walker_2_pl|Ciudadanas
trp_village_walker_1|Pueblerino
trp_village_walker_1_pl|Pueblerinos
trp_village_walker_2|Pueblerino
trp_village_walker_2_pl|Pueblerinos
trp_spy_walker_1|Ciudadano
trp_spy_walker_1_pl|Ciudadanos
trp_spy_walker_2|Ciudadana
trp_spy_walker_2_pl|Ciudadanas
trp_walker_man_gondor_black|Ciudadano
trp_walker_man_gondor_white|Ciudadano
trp_walker_man_gondor_blue|Ciudadano
trp_walker_man_gondor_green|Ciudadano
trp_walker_man_rohan_t|Hombre de Rohan
trp_walker_man_rohan_d|Hombre de Rohan
trp_walker_woman_rohan_t|Doncella de Rohan
trp_walker_woman_rohan_d|Doncella de Rohan 
trp_walker_woman_gondor_b|Mujer de Gondor
trp_walker_woman_gondor_bw|Mujer de Gondor
trp_walker_woman_gondor_w|Noble de Gondor
trp_mirkwood_walker_1|Elfo del Bosque Verde
trp_mirkwood_walker_2|Elfo del Bosque Verde
trp_lorien_walker_1|Elfo de Lothlórien
trp_lorien_walker_2|Elfo de Lothlórien
trp_dwarf_walker|Enano
trp_beorn_walker|Campesino
trp_beorn_walker_fem|Campesina
trp_trainer_4|Entrenador
trp_trainer_gondor|Entrenador
trp_trainer_rohan|Entrenador
trp_trainer_dale|Entrenador
trp_trainer_elf|Entrenador
trp_trainer_beorn|Entrenador
trp_trainer_dwarf|Entrenador
trp_trainer_mordor|Entrenador
trp_trainer_isengard|Entrenador
trp_trainer_khand|Entrenador
trp_trainer_rhun|Entrenador
trp_trainer_harad|Entrenador
trp_trainer_umbar|Entrenador
trp_ransom_broker_1|Comisionista de rescates
trp_ransom_broker_2|Comisionista de rescates
trp_ransom_broker_3|Comisionista de rescates
trp_ransom_broker_4|Comisionista de rescates
trp_ransom_broker_5|Comisionista de rescates
trp_ransom_broker_6|Comisionista de rescates
trp_ransom_broker_7|Comisionista de rescates
trp_ransom_broker_8|Comisionista de rescates
trp_ransom_broker_9|Comisionista de rescates
trp_ransom_broker_10|Comisionista de rescates
trp_tavern_traveler_1|Viajero
trp_tavern_traveler_2|Viajero
trp_tavern_traveler_3|Viajero
trp_tavern_traveler_4|Viajero
trp_tavern_traveler_5|Viajero
trp_tavern_traveler_6|Viajero
trp_tavern_traveler_7|Viajero
trp_tavern_traveler_8|Viajero
trp_tavern_traveler_9|Viajero
trp_tavern_traveler_10|Viajero
trp_tavern_minstrel_1|Trovador
trp_npc1|Mablung
trp_npc2|Cirdil
trp_npc3|Ulfas 
trp_npc4|Galmyne
trp_npc5|Glorfindel
trp_npc6|Luevanna
trp_npc7|Kili Dedos de Oro
trp_npc8|Faniul
trp_npc9|Gulm
trp_npc10|Durgash
trp_npc11|Ufthak
trp_npc12|Gorbag
trp_npc13|Lykyada
trp_npc14|Fuldimir
trp_npc15|Bolzog
trp_npc16|Varfang
trp_npc17|Tarugo
trp_knight_6_2|Golasgil
trp_gondor_lord|Senescal Denethor
trp_gondor_lord_pl|Senescal
trp_rohan_lord|Rey Théoden
trp_rohan_lord_pl|Rey
trp_isengard_lord|Saruman
trp_isengard_lord_pl|Amo
trp_mordor_lord|Boca de Sauron
trp_mordor_lord_pl|Sátrapa
trp_harad_lord|Jefe Ul-Ulcari
trp_harad_lord_pl|Jefe
trp_rhun_lord|Jarl Helcaroth
trp_rhun_lord_pl|Jarl
trp_khand_lord|Shibh Krukmahur
trp_khand_lord_pl|Shibh
trp_umbar_lord|Almirante Tulmir
trp_umbar_lord_pl|Almirante
trp_lorien_lord|Dama Galadriel
trp_lorien_lord_pl|Dama
trp_imladris_lord|Señor Elrond
trp_imladris_lord_pl|Señor
trp_woodelf_lord|Rey Thranduil
trp_woodelf_lord_pl|Rey
trp_moria_lord|Amo Bolgo el Menor
trp_moria_lord_pl|Amo
trp_guldur_lord|Amo Fuinur
trp_guldur_lord_pl|Amo
trp_gundabad_lord|Amo Burza Krual
trp_gundabad_lord_pl|Amo
trp_dale_lord|Rey Brand
trp_dale_lord_pl|Rey
trp_dwarf_lord|Rey Dain II Pie de Hierro
trp_dwarf_lord_pl|Rey
trp_dunland_lord|Jefe Daeglaf el Negro
trp_dunland_lord_pl|Jefe
trp_beorn_lord|Jefe Grimbeorn el Viejo
trp_beorn_lord_pl|Jefe
trp_lorien_marshall|Celeborn
trp_knight_1_1|Angbor el Intrépido
trp_knight_1_2|Húrin de las Llaves
trp_knight_1_3|Príncipe Imrahil
trp_knight_1_4|Orthalion
trp_knight_1_5|Duinhir
trp_knight_1_6|Hirluin el Hermoso
trp_knight_1_7|Faramir
trp_knight_1_8|Forlong el Gordo
trp_knight_1_9|Grimbold
trp_knight_1_10|Erkenbrand
trp_knight_1_11|Elfhelm
trp_knight_1_12|Hama
trp_knight_1_13|Gamelin
trp_knight_1_14|Éomer
trp_knight_1_15|Ugluk
trp_knight_1_16|Mauhur
trp_knight_1_17|Mog el Siete-Dedos
trp_knight_1_18|Hushnak Patas Largas
trp_knight_1_19|Gridash el Muerde-Árboles
trp_knight_1_20|Gronk el Come-Hombres
trp_knight_2_1|Capitán Mortakh
trp_knight_2_2|Berúthiel
trp_knight_2_3|Skang
trp_knight_2_4|Pharakhâd el Bastardo
trp_knight_2_5|Grishnakh
trp_knight_2_51|Gothmog
trp_knight_2_51_pl|Lugarteniente
trp_knight_2_6|Cacique Karna el León
trp_knight_2_7|Cacique Na'man
trp_knight_2_8|Cacique Haarith
trp_knight_2_11|Kusulak
trp_knight_2_12|Ulwarth el Balchoth
trp_knight_2_13|Brodda
trp_knight_2_16|Torask
trp_knight_2_17|Lurmsakun
trp_knight_3_1|Capitán Morbir
trp_knight_3_2|Capitán Angamaitë
trp_knight_3_3|Capitán Sangahyando
trp_knight_3_6|Haldir
trp_knight_3_7|Orophin
trp_knight_3_11|Elladan
trp_knight_3_12|Elrohir
trp_knight_3_13|Halbarad
trp_knight_3_16|Miriel
trp_knight_3_17|Gladvaethor
trp_knight_4_1|Castigador Snog
trp_knight_4_2|Castigador Snotgor
trp_knight_4_6|General Tuskim
trp_knight_4_7|General Mugslag
trp_knight_4_11|Ruel
trp_knight_4_12|Beranor Pielnegra
trp_knight_4_16|Castigador Brolgukhsh
trp_knight_4_17|Castigador Grumrunt
trp_knight_4_18|Castigador Grimsob
trp_knight_5_1|Señor Halward
trp_knight_5_2|Señor Bardo
trp_knight_5_3|Señor Esgarain
trp_knight_5_6|Fulgni Barbiluengo
trp_knight_5_7|Thorin Yelmo de Piedra
trp_knight_5_11|Jefe Fudreim
trp_knight_5_12|Jefe Wulf
trp_knight_6_1|Dervorin
trp_smith_mtirith|Berethor el Herrero
trp_smith_mtirith_pl|herreros del Senescal
trp_smith_pelargir|Hallatan Maestro del Metal
trp_smith_pelargir_pl|herrero
trp_smith_linhir|Bor el Armero
trp_smith_linhir_pl|herrero
trp_smith_dolamroth|Haldad el Herrero
trp_smith_dolamroth_pl|herreros de Amroth
trp_smith_edhellond|Ryis Tuercehierro
trp_smith_edhellond_pl|herrero
trp_smith_lossarnach|Berin, maestro hachero
trp_smith_lossarnach_pl|herrero
trp_smith_tarnost|Harandil Martillo de Acero
trp_smith_tarnost_pl|herrero
trp_smith_erech|Lorne el Negro
trp_smith_erech_pl|herrero
trp_smith_pinnath|Tarandil el Espadero
trp_smith_pinnath_pl|herrero
trp_smith_eosgiliath|Bzurg el Saqueador
trp_smith_eosgiliath_pl|herrero
trp_smith_wosgiliath|Gardil
trp_smith_wosgiliath_pl|herrero improvisado
trp_smith_calembel|Agronom
trp_smith_calembel_pl|herrero
trp_smith_hannun|Fal el herrero Montaraz
trp_smith_hannun_pl|alijo de equipamiento montaraz
trp_smith_candros|Kalimdor
trp_smith_candros_pl|herrero
trp_smith_edoras|Eaoden Maestro del Acero
trp_smith_edoras_pl|herrero del Rey
trp_smith_aldburg|Fulm el Herrador
trp_smith_aldburg_pl|herrero
trp_smith_hornburg|Aldhelm
trp_smith_hornburg_pl|herrero
trp_smith_eastemnet|Eadfrid
trp_smith_eastemnet_pl|herrero
trp_smith_westfold|Deor Hacedor de Yelmos
trp_smith_westfold_pl|herrero
trp_smith_westemnet|Armero
trp_smith_westemnet_pl|herrero
trp_smith_eastfold|Eaderan Tallahierro
trp_smith_eastfold_pl|herrero
trp_smith_morannon|Hurbar Forjaverjas
trp_smith_morannon_pl|herrero
trp_smith_mmorgul|Orgurz Escupefuego
trp_smith_mmorgul_pl|herrero
trp_town_24_smith|Boz Rompehierro
trp_town_24_smith_pl|herrero
trp_smith_orc_patrol|Glugz Dedo de Hierro
trp_smith_orc_patrol_pl|herrero del campamento
trp_smith_oscamp|Kugash Amante del Hierro
trp_smith_oscamp_pl|herrero del campamento
trp_smith_isengard|Burz Machaca-Hierro
trp_smith_isengard_pl|herrero subterráneo
trp_smith_uoutpost|Gurzuk Diente de Hierro
trp_smith_uoutpost_pl|herrero del puesto de avanzada
trp_smith_uhcamp|Rabzug Comeherrumbre
trp_smith_uhcamp_pl|herrero del campamento
trp_smith_urcamp|Glurk
trp_smith_urcamp_pl|herrero del campamento
trp_smith_cgaladhon|Dirufin Tallador de Arcos
trp_smith_cgaladhon_pl|armeros élficos
trp_smith_cdolen|Dimirian el Flechero
trp_smith_cdolen_pl|armeros élficos
trp_smith_camroth|Getasistan
trp_smith_camroth_pl|armeros élficos
trp_smith_thranduils_halls|Thurinor
trp_smith_thranduils_halls_pl|herrero
trp_smith_woodelf_camp|Calechir
trp_smith_woodelf_camp_pl|herrero
trp_smith_beorn|Beornalaf, maestro hachero
trp_smith_beorn_pl|herrero
trp_smith_moria|Burgak el Forjador
trp_smith_moria_pl|herrero
trp_smith_dale|Ardel Mano de Fuego
trp_smith_dale_pl|herrero
trp_smith_esgaroth|Kelegarn Tallador de Arcos
trp_smith_esgaroth_pl|herrero
trp_smith_erebor|Thror el Martillador
trp_smith_erebor_pl|a los reputados herreros enanos
trp_smith_dunland|Dorrowuld Pica de Hierro
trp_smith_dunland_pl|herrero
trp_smith_harad|Har Doblador de Acero
trp_smith_harad_pl|herrero
trp_smith_khand|Pushurt el Regateador
trp_smith_khand_pl|herrero
trp_smith_umbar|Fuinir el Forjador
trp_smith_umbar_pl|herrero
trp_smith_imladris|Duifirian
trp_smith_imladris_pl|armeros élficos
trp_smith_dolguldur|Shtazg Golpegrís
trp_smith_dolguldur_pl|herrero
trp_smith_north_rhun|Ognjemir Kladivo
trp_smith_north_rhun_pl|herrero improvisado
trp_smith_gundabad|Blurg Vende-Nieve
trp_smith_gundabad_pl|herrero
trp_smith_ironhill|Herrero de las Colinas de Hierro
trp_smith_ironhill_pl|herreros del campamento enano
trp_town_50_weaponsmith|Shruklug Afilador de Cuchillos
trp_town_50_weaponsmith_pl|herrero
trp_smith_gondor_ac|Bor el Armero
trp_smith_gondor_ac_pl|herrero del campamento
trp_smith_rohan_ac|Deor Hacedor de Yelmos
trp_smith_rohan_ac_pl|herrero del campamento
trp_smith_mordor_ac|Hurbar Forjaverjas
trp_smith_mordor_ac_pl|herrero
trp_smith_isengard_ac|Burz Machaca-Hierro
trp_smith_isengard_ac_pl|herrero subterráneo
trp_smith_lorien_ac|Dimirian el Flechero
trp_smith_lorien_ac_pl|armeros élficos
trp_smith_woodelf_ac|Dhoelath
trp_smith_woodelf_ac_pl|herrero
trp_smith_dwarf_ac|Herrero de las Colinas de Hierro
trp_smith_dwarf_ac_pl|herreros del campamento enano
trp_smith_gundabad_ac|Blurg Vende-Nieve
trp_smith_gundabad_ac_pl|herrero
trp_smith_rhun_ac|Branimir Bronnik
trp_smith_rhun_ac_pl|herrero improvisado
trp_smith_guldur_ac|Shtazg Golpegris
trp_smith_guldur_ac_pl|herrero
trp_smith_imladris_ac|Duifirian
trp_smith_imladris_ac_pl|armeros elfos
trp_smith_dunland_ac|Dorrowuld Pica de Hierro
trp_smith_dunland_ac_pl|herrero
trp_smith_harad_ac|Har Doblador de Acero
trp_smith_harad_ac_pl|herrero
trp_smith_khand_ac|Pushurt el Regateador
trp_smith_khand_ac_pl|herrero
trp_smith_umbar_ac|Fuinir el Forjador
trp_smith_umbar_ac_pl|herrero
trp_smith_moria_ac|Burgak el Forjador
trp_smith_moria_ac_pl|herrero
trp_smith_dale_ac|Ardel Mano de Fuego
trp_smith_dale_ac_pl|herrero
trp_smith_beorn_ac|Beornalaf, maestro hachero
trp_smith_beorn_ac_pl|herrero
trp_smith_woodelf_west_camp|Dhoelath
trp_smith_woodelf_west_camp_pl|herrero
trp_smith_woodmen|Beornalaf, maestro hachero
trp_smith_woodmen_pl|herrero
trp_smith_beorn_v|Beornalaf, maestro hachero
trp_smith_beorn_v_pl|herrero
trp_smith_troll_cave|Burgak el Forjador
trp_smith_troll_cave_pl|herrero
trp_smith_dg_outpost|Shtazg Golpegrís
trp_smith_dg_outpost_pl|herrero
trp_smith_main_rhun|Branimir Bronnik
trp_smith_main_rhun_pl|herrero improvisado
trp_smith_south_rhun|Branimir Bronnik
trp_smith_south_rhun_pl|herrero improvisado
trp_smith_gundabad_ne|Blurg Vende-Nieve
trp_smith_gundabad_ne_pl|herrero
trp_smith_gundabad_nw|Blurg Vende-Nieve
trp_smith_gundabad_nw_pl|herrero
trp_smith_gundabad_s|Blurg Vende-Nieve
trp_smith_gundabad_s_pl|herrero
trp_smith_gundabad_m|Blurg Vende-Nieve
trp_smith_gundabad_m_pl|herrero
trp_barman_eastemnet|Tabernero
trp_barman_eastemnet_pl|l castillo
trp_barman_westfold|Tabernero
trp_barman_westfold_pl|l castillo
trp_barman_westemnet|Tabernero
trp_barman_westemnet_pl|l castillo
trp_barman_eastfold|Tabernero
trp_barman_eastfold_pl|l castillo
trp_barman_baraddur|Tabernero
trp_barman_baraddur_pl|l castillo
trp_barman_morannon|Tabernero
trp_barman_morannon_pl| la cueva del cabecilla
trp_barman_mmorgul|Tabernero
trp_barman_mmorgul_pl| la Torre
trp_merchant_main_rhun|Encargado de suministros
trp_merchant_main_rhun_pl|almacén del campamento
trp_merchant_dg_outpost|Encargado de suministros
trp_merchant_dg_outpost_pl|establo y almacén
trp_merchant_woodelf_west_camp|Encargado de suministros
trp_merchant_woodelf_west_camp_pl|suministros élficos
trp_merchant_gundabad_m|Encargado de suministros
trp_merchant_gundabad_m_pl|almacén del campamento
trp_merchant_gundabad_s|Encargado de suministros
trp_merchant_gundabad_s_pl|almacén del campamento
trp_merchant_gundabad_nw|Encargado de suministros
trp_merchant_gundabad_nw_pl|almacén del campamento
trp_merchant_gundabad_ne|Encargado de suministros
trp_merchant_gundabad_ne_pl|almacén del campamento
trp_merchant_troll_cave|Encargado de suministros
trp_merchant_troll_cave_pl|foso de huargos y suministros
trp_merchant_beorn_v|Encargado de suministros
trp_merchant_beorn_v_pl|establo y almacén
trp_merchant_orc_sentry|Encargado de suministros
trp_merchant_orc_sentry_pl|almacén del campamento
trp_merchant_candros|Encargado de suministros
trp_merchant_candros_pl|establo y almacén
trp_merchant_hannun|Encargado de suministros
trp_merchant_hannun_pl|suministros de los montaraces
trp_merchant_mtirith|Encargado de suministros
trp_merchant_mtirith_pl|establo y almacén
trp_merchant_pelargir|Encargado de suministros
trp_merchant_pelargir_pl|establo y almacén
trp_merchant_linhir|Encargado de suministros
trp_merchant_linhir_pl|establo y almacén
trp_merchant_dolamroth|Encargado de suministros
trp_merchant_dolamroth_pl|establo y almacén
trp_merchant_edhellond|Encargado de suministros
trp_merchant_edhellond_pl|establo y almacén
trp_merchant_lossarnach|Encargado de suministros
trp_merchant_lossarnach_pl|establo y almacén
trp_merchant_tarnost|Encargado de suministros
trp_merchant_tarnost_pl|establo y almacén
trp_merchant_erech|Encargado de suministros
trp_merchant_erech_pl|establo y almacén
trp_merchant_pinnath|Encargado de suministros
trp_merchant_pinnath_pl|establo y almacén
trp_merchant_eosgiliath|Encargado de suministros
trp_merchant_eosgiliath_pl|establo y almacén
trp_merchant_wosgiliath|Encargado de suministros
trp_merchant_wosgiliath_pl|establo y almacén
trp_town_12_horse_merchant|Encargado de suministros
trp_town_12_horse_merchant_pl|establo y almacén
trp_town_13_horse_merchant|Encargado de suministros
trp_town_13_horse_merchant_pl|establo y almacén
trp_merchant_edoras|Encargads de suministros
trp_merchant_edoras_pl|establo y almacén
trp_merchant_aldburg|Encargado de suministros
trp_merchant_aldburg_pl|establo real y almacén
trp_merchant_hornburg|Encargado de suministros
trp_merchant_hornburg_pl|establo y almacén
trp_merchant_eastemnet|Encargado de suministros
trp_merchant_eastemnet_pl|establo y almacén
trp_merchant_westfold|Encargads de suministros
trp_merchant_westfold_pl|establo y almacén
trp_merchant_westemnet|Encargads de suministros
trp_merchant_westemnet_pl|establo y almacén
trp_merchant_eastfold|Encargads de suministros
trp_merchant_eastfold_pl|establo y almacén
trp_town_21_horse_merchant|Encargado de suministros
trp_town_21_horse_merchant_pl|foso y almacén
trp_merchant_morannon|Encargado de suministros
trp_merchant_morannon_pl|foso y almacén
trp_merchant_mmorgul|Encargado de suministros
trp_merchant_mmorgul_pl|foso y almacén
trp_town_24_horse_merchant|Encargado de suministros
trp_town_24_horse_merchant_pl|foso y almacén
trp_merchant_orc_patrol|Encargado de suministros
trp_merchant_orc_patrol_pl|almacén del campamento
trp_merchant_isengard|Encargado de suministros
trp_merchant_isengard_pl|almacén del campamento
trp_town_27_horse_merchant|Encargado de suministros
trp_town_27_horse_merchant_pl|foso de huargos y suministros
trp_merchant_uoutpost|Encargado de suministros
trp_merchant_uoutpost_pl|foso de huargos y suministros
trp_merchant_uhcamp|Encargado de suministros
trp_merchant_uhcamp_pl|foso de huargos y suministros
trp_merchant_urcamp|Encargado de suministros
trp_merchant_urcamp_pl|foso de huargos y suministros
trp_merchant_cgaladhon|Encargado de suministros
trp_merchant_cgaladhon_pl|suministros élficos
trp_merchant_cdolen|Encargado de suministros
trp_merchant_cdolen_pl|suministros élficos
trp_merchant_camroth|Encargado de suministros
trp_merchant_camroth_pl|suministros élficos
trp_merchant_thranduils_halls|Encargado de suministros
trp_merchant_thranduils_halls_pl|suministros élficos
trp_merchant_woodelf_camp|Encargado de suministros
trp_merchant_woodelf_camp_pl|suministros élficos
trp_merchant_woodmen|Encargado de suministros
trp_merchant_woodmen_pl|establo y almacén
trp_merchant_beorn|Encargado de suministros
trp_merchant_beorn_pl|establo y almacén
trp_merchant_moria|Encargado de suministros
trp_merchant_moria_pl|foso de huargos y suministros
trp_merchant_dale|Encargado de suministros
trp_merchant_dale_pl|establo y almacén
trp_merchant_esgaroth|Encargado de suministros
trp_merchant_esgaroth_pl|establo y almacén
trp_merchant_erebor|Encargado de suministros
trp_merchant_erebor_pl|suministros enanos
trp_merchant_dunland|Contrabandista dunlendino
trp_merchant_dunland_pl|almacén del campamento
trp_merchant_harad|Intendente de provisioones Haradrim
trp_merchant_harad_pl|almacén del campamento
trp_merchant_khand|Intendente de provisiones de Khand
trp_merchant_khand_pl|almacén del campamento
trp_merchant_umbar|Encargado de suministros
trp_merchant_umbar_pl|almacén del campamento
trp_merchant_imladris|Encargado de suministros
trp_merchant_imladris_pl|suministros del campamento
trp_merchant_dolguldur|Encargado de suministros
trp_merchant_dolguldur_pl|establo y almacén
trp_merchant_north_rhun|Encargado de suministros
trp_merchant_north_rhun_pl|almacén del campamento
trp_merchant_south_rhun|Encargado de suministros
trp_merchant_south_rhun_pl|almacén del campamento
trp_merchant_gundabad|Encargado de suministros
trp_merchant_gundabad_pl|almacén del campamento
trp_merchant_ironhill|Encargado de suministros
trp_merchant_ironhill_pl|suministros enanos
trp_town_50_horse_merchant|Gobrip Diente Amarillo
trp_town_50_horse_merchant_pl|foso de huargos y suministros
trp_merchant_calembel|Encargado de suministros
trp_merchant_calembel_pl|establo y almacén
trp_elder_mtirith|Portavoz gremial de Tirith
trp_elder_mtirith_pl| la Ciudad Blanca
trp_elder_pelargir|Portavoz de los marineros
trp_elder_pelargir_pl| la ciudad
trp_elder_linhir|Portavoz gremial de Linhir
trp_elder_linhir_pl| la ciudad
trp_elder_dolamroth|Portavoz gremial de Dol Amroth
trp_elder_dolamroth_pl| la ciudad
trp_elder_edhellond|Portavoz gremial de Edhellond
trp_elder_edhellond_pl| la ciudad
trp_elder_lossarnach|Portavoz gremial de Lossarnach
trp_elder_lossarnach_pl| la ciudad
trp_elder_tarnost|Portavoz gremial de Tarnost
trp_elder_tarnost_pl| la ciudad
trp_elder_erech|Portavoz gremial de Erech
trp_elder_erech_pl| la ciudad
trp_elder_pinnath|Anciano de la tribu de Pinnath
trp_elder_pinnath_pl| la ciudad
trp_elder_ethring|Portavoz gremial de Calembel
trp_elder_ethring_pl| la ciudad
trp_elder_henneth|Portavoz de los Montaraces
trp_elder_henneth_pl| la guarida
trp_elder_cairandros|Portavoz gremial de Cair Andros
trp_elder_cairandros_pl| la isla fortificada
trp_elder_edoras|Thain de Édoras
trp_elder_edoras_pl| la ciudad
trp_elder_aldburg|Thain de Aldburg
trp_elder_aldburg_pl| la ciudad
trp_elder_hornburg|Thain del Abismo de Helm
trp_elder_hornburg_pl| la fortaleza
trp_elder_eastemnet|Thain de Estemnet
trp_elder_eastemnet_pl| la ciudad
trp_elder_westfold|Thain del Folde Oeste
trp_elder_westfold_pl| la ciudad
trp_elder_westemnet|Thain de Oestemnet
trp_elder_westemnet_pl| la ciudad
trp_elder_eastfold|Thain del Folde Este
trp_elder_eastfold_pl| la ciudad
trp_elder_morannon|Capataz de la Puerta Negra
trp_elder_morannon_pl| las cuevas que dan a la Gran Puerta
trp_elder_mmorgul|Jefe de Morgul
trp_elder_mmorgul_pl| la ciudad siniestra
trp_elder_cungol|Jefe del campamento
trp_elder_cungol_pl|l campamento
trp_elder_isengard|Grima Lengua de Serpiente
trp_elder_isengard_pl| la ciudad
trp_elder_cgaladhon|Sabio de Lórien
trp_elder_cgaladhon_pl| la fortaleza élfica del bosque
trp_elder_cdolen|Sabio de Lórien
trp_elder_cdolen_pl|l campamento
trp_elder_camroth|Sabio de Lórien
trp_elder_camroth_pl|l campamento
trp_elder_thalls|Anciano del Bosque Negro
trp_elder_thalls_pl| las cuevas de los elfos
trp_elder_imladris|Intendente del campamento de Rivendel
trp_elder_imladris_pl|l campamento
trp_elder_wvillage|Vicent del Bosque
trp_elder_wvillage_pl|l pueblo
trp_elder_beorn|Anciano Beórnida
trp_elder_beorn_pl| la aldea
trp_elder_harad|Jefe del campamento Haradrim
trp_elder_harad_pl|l campamento
trp_elder_rhun|Sumo sacerdote de Rhun
trp_elder_rhun_pl|l campamento
trp_elder_khand|Jefe del campamento de Khand
trp_elder_khand_pl|l campamento
trp_elder_dunland|Jefe del campamento dunlendino
trp_elder_dunland_pl|l campamento
trp_elder_umbar|Intendente de Umbar
trp_elder_umbar_pl|l campamento fortificado
trp_elder_moria|Jefe de Moria
trp_elder_moria_pl| las Minas
trp_elder_gunda|Líder de las Cuevas
trp_elder_gunda_pl| las cuevas
trp_elder_dale|Intendente de Valle
trp_elder_dale_pl| la ciudad
trp_elder_esgaroth|Intendente de Esgaroth
trp_elder_esgaroth_pl| la Ciudad del Lago
trp_elder_erebor|Portavoz gremial de Erebor
trp_elder_erebor_pl| los Salones
trp_elder_dolguldur|Jefe de Dol Guldur
trp_elder_dolguldur_pl|l castillo negro
trp_elder_wosgiliath|Jefe del campamento
trp_elder_wosgiliath_pl|l campamento
trp_elder_oscamp|Jefe del campamento
trp_elder_oscamp_pl|l campamento
trp_elder_eosgiliath|Jefe del campamento
trp_elder_eosgiliath_pl|l campamento
trp_elder_uoutpost|Jefe del campamento
trp_elder_uoutpost_pl|l campamento
trp_elder_uhcamp|Jefe del campamento
trp_elder_uhcamp_pl|l campamento
trp_elder_urcamp|Jefe del campamento
trp_elder_urcamp_pl|l campamento
trp_elder_woodelf_camp|Anciano
trp_elder_woodelf_camp_pl|l campamento
trp_elder_woodelf_west_camp|Anciano
trp_elder_woodelf_west_camp_pl|l campamento
trp_elder_beorn_v|Anciano Beórnida
trp_elder_beorn_v_pl|l pueblo
trp_elder_troll_cave|Jefe de la cueva
trp_elder_troll_cave_pl| las cuevas
trp_elder_dg_outpost|Jefe del campamento
trp_elder_dg_outpost_pl|l campamento
trp_elder_rhun_sc|Jefe del campamento de Rhûn
trp_elder_rhun_sc_pl|l campamento
trp_elder_rhun_nc|Jefe del campamento de Rhûn
trp_elder_rhun_nc_pl|l campamento
trp_elder_gunda_ne|Anciano orco
trp_elder_gunda_ne_pl|l campamento
trp_elder_gunda_nw|Anciano orco
trp_elder_gunda_nw_pl|l campamento
trp_elder_gunda_s|Anciano orco
trp_elder_gunda_s_pl|l campamento
trp_elder_gunda_m|Anciano orco
trp_elder_gunda_m_pl|l campamento
trp_elder_ironhill|Jefe del campamento
trp_elder_ironhill_pl|l campamento
trp_village_1_elder|Señor del Látigo
trp_village_1_elder_pl| las cuevas
trp_tutorial_chest_1|Cofre de armas cuerpo a cuerpo
trp_tutorial_chest_2|Cofre de armas a distancia
trp_bonus_chest_1|Cofre de bonificación
trp_bonus_chest_2|Cofre de bonificación
trp_bonus_chest_3|Cofre de bonificación
trp_camp_chest_faction|Cofre de facción
trp_camp_chest_none|Cofre sin dueño
trp_player_chest|Mi Cofre
trp_local_merchant|Mercaderes locales
trp_local_merchant_pl|Mercaderes locales
trp_tax_rebel|Campesino rebelde
trp_tax_rebel_pl|Campesinos rebeldes
trp_trainee_peasant|Campesino
trp_trainee_peasant_pl|Campesinos
trp_fugitive_man|Hombre sospechoso
trp_fugitive_man_pl|Hombres sospechosos
trp_fugitive_elf|Elfo sospechoso
trp_fugitive_elf_pl|Elfos sospechosos
trp_fugitive_dwarf|Enano sospechoso
trp_fugitive_dwarf_pl|Enanos sospechosos
trp_fugitive_orc|Orco sospechoso
trp_fugitive_orc_pl|Orcos sospechosos
trp_spy|Corsario taimado
trp_spy_pl|Corsarios taimados
trp_spy_evil|Sureño taimado
trp_spy_evil_pl|Sureños taimados
trp_spy_partner|Contacto del espía
trp_spy_partner_pl|Contactos del espía
trp_spy_partner_evil|Contacto del espía
trp_spy_partner_evil_pl|Contactos del espía
trp_easter_egg_troll|El Troll
trp_treebeard|Bárbol
trp_ent_1|Ramaviva
trp_ent_2|Finglas
trp_ent_3|Fladrif
trp_gandalf|Gandalf
trp_gandalf_pl|Gandalfs hechos a mano
trp_nazgul|Nazgûl
trp_nazgul_pl|Nazgûl domesticado
trp_radagast|Radagast
trp_barman|Camarero
trp_elder|Anciano del lugar
trp_gear_merchant|Mercader de equipapiento
trp_goods_merchant|Mercader de bienes
trp_start_quest_caravaneer|Torbal el Caravanero
trp_dorwinion_bandit|Bandido de Dorwinion
trp_dorwinion_bandit_pl|Bandidos de Dorwinion
trp_dorwinion_raider|Incursor de Dorwinion
trp_dorwinion_raider_pl|Invasores de Dorwinion
trp_city_guard|Guardia de la Ciudad
trp_city_guard_pl|guardia de la ciudad
trp_orc_sentry|Centinela orco
trp_orc_sentry_pl|centinela orco
trp_uruk_hai_sentry|Centinela Uruk-hâi
trp_uruk_hai_sentry_pl|centinela uruk-hâi
trp_black_numenorean_sorcerer|Hechicero negro de Númenor
trp_black_numenorean_sorcerer_pl|Hechiceros negros de Númenor
trp_evil_priest|Sacerdote malvado
trp_evil_priest_pl|Sacerdotes malvados
trp_wolf_rider_of_mirkwood|Jinete de lobo del Bosque Negro
trp_wolf_rider_of_mirkwood_pl|Jinetes de lobo del Bosque Negro
trp_warg_rider_of_mirkwood|Jinete de huargo del Bosque Negro
trp_warg_rider_of_mirkwood_pl|Jinetes de huargo del Bosque Negro
trp_gate_aggravator|Defensa de la puerta
trp_orc_pretender|Aspirante a cabecilla orco
trp_human_prisoner|Prisionero humano
trp_spider|Araña del Bosque Negro 
trp_spider_pl|Arañas del Bosque Negro 
trp_bear|Oso
trp_bear_pl|Osos
trp_wolf|Lobo
trp_wolf_pl|Lobos
trp_dorwinion_sack|Saco de Dorwinion
trp_ring_hunter_captain|Capitán de los Caza-anillos
trp_ring_hunter_lt|Capitán de los Caza-anillos
trp_ring_hunter_one|Caza-anillos
trp_ring_hunter_one_pl|Caza-anillos
trp_ring_hunter_two|Caza-anillos
trp_ring_hunter_two_pl|Caza-anillos
trp_ring_hunter_three|Caza-anillos
trp_ring_hunter_three_pl|Caza-anillos
trp_ring_hunter_four|Caza-anillos
trp_ring_hunter_four_pl|Caza-anillos
trp_start_quest_uruk|Capitán uruk de Mordor
trp_start_quest_orc|Teniente orco de Mordor
trp_start_quest_orc_pl|Orcos grandes de Mordor
trp_start_quest_woodelf|Tirador real Galadhrim
trp_start_quest_woodelf_pl|Tiradores reales Galadhrim
trp_start_quest_mordor_scout|Guía de Mordor
trp_start_quest_mordor_scout_pl|Guías de Mordor
trp_start_quest_beorning|Berserker Beórnida de Carroca 
trp_start_quest_beorning_pl|Berserkers Beórnidas de Carroca 
trp_i6_beorning_bear_warrior|Guerrero Oso
trp_i6_beorning_bear_warrior_pl|Guerreros Oso
trp_morannon_healer|Okstuk el Sanador
trp_minas_tirith_healer|Ioreth
trp_edoras_healer|Freya la Sanadora
trp_isengard_healer|Nurgal el Zurcidor
trp_guldur_healer|Mornagar el Hechicero
trp_gundabad_healer|Lurgakh Tercer Ojo
trp_mirkwood_healer|Corwiel Manos Suaves
trp_hungry_uruk|Uruk hambriento
trp_hungry_orc|Orco hambriento
trp_longing_lorien|Elfo melancólico
trp_longing_woodelf|Elfo melancólico
trp_longing_imladris|Elfo melancólico
trp_i5_moria_deep_dweller|Morador de las profundidades de Moria
trp_i5_moria_deep_dweller_pl|Moradores de las profundidades de Moria
trp_i5_moria_orc_chieftain|Cacique orco de Moria
trp_i5_moria_orc_chieftain_pl|Caciques orcos de Moria
trp_c5_rhovanion_noble|Noble de Rhovanion
trp_c5_rhovanion_noble_pl|Nobles de Rhovanion
trp_npc18|Turmbathu
trp_npc19|Heidrek
trp_npc20|Zigûrphel
trp_werewolf|Licántropo
trp_werewolf_pl|Licántropos
trp_moria_troll|Troll de las cavernas
trp_moria_troll_pl|Trolls de las cavernas
trp_moria_vet_troll|Troll de las cavernas entrenado
trp_moria_vet_troll_pl|Trolls de las cavernas entrenados
trp_moria_armored_troll|Troll de las cavernas con armadura
trp_moria_armored_troll_pl|Trolls de las cavernas con armadura
trp_gunda_troll|Troll de las montañas
trp_gunda_troll_pl|Trolls de las montañas
trp_gunda_vet_troll|Troll de las montañas Entrenado
trp_gunda_vet_troll_pl|Troll de las montañas Entrenados
trp_gunda_placeholder|Troll de las montañas Entrenado
trp_gunda_placeholder_pl|Troll de las montañas Entrenados
trp_isen_troll|Troll de Isengard
trp_isen_troll_pl|Trolls de Isengard
trp_isen_vet_troll|Troll Entrenado de Isengard
trp_isen_vet_troll_pl|Trolls Entrenados de Isengard
trp_isen_armored_troll|Troll de Isengard con armadura
trp_isen_armored_troll_pl|Trolls de Isengard con armadura
trp_mordor_troll|Troll de Mordor
trp_mordor_troll_pl|Trolls de Mordor
trp_mordor_vet_troll|Troll de Mordor Entrenado
trp_mordor_vet_troll_pl|Trolls de Mordor Entrenados
trp_mordor_olog_hai|Olog-hai de Mordor
trp_mordor_olog_hai_pl|Olog-hai de Mordor
trp_troll_placeholder_1|Troll de las cavernas
trp_troll_placeholder_1_pl|Trolls de las cavernas
trp_troll_placeholder_2|Troll de las cavernas
trp_troll_placeholder_2_pl|Trolls de las cavernas
trp_troll_placeholder_3|Troll de las cavernas
trp_troll_placeholder_3_pl|Trolls de las cavernas
trp_troll_placeholder_4|Troll de las cavernas
trp_troll_placeholder_4_pl|Trolls de las cavernas
trp_troll_placeholder_5|Troll de las cavernas
trp_troll_placeholder_5_pl|Trolls de las cavernas
trp_troll_placeholder_6|Troll de las cavernas
trp_troll_placeholder_6_pl|Trolls de las cavernas
trp_wild_troll|Troll salvaje de las cavernas
trp_wild_troll_pl|Trolls salvajes de las cavernas
trp_ent|Ent
trp_ent_pl|Ents
trp_mountain_goblin|Trasgo de montaña
trp_mountain_goblin_pl|Trasgos de montaña
trp_tribal_orc|Orco tribal
trp_tribal_orc_pl|Orcos tribales
trp_tribal_orc_warrior|Guerrero tribal orco
trp_tribal_orc_warrior_pl|Guerreros tribales orcos
trp_tribal_orc_chief|Jefe tribal orco
trp_tribal_orc_chief_pl|Jefes tribales orcos
trp_a3_dism_skirmisher_of_rohan|Escaramuzador de Rohan
trp_a3_dism_skirmisher_of_rohan_pl|Escaramuzadores de Rohan
trp_a4_dism_veteran_skirmisher_of_rohan|Escaramuzador veterano de Rohan
trp_a4_dism_veteran_skirmisher_of_rohan_pl|Escaramuzadores veteranos de Rohan
trp_a5_dism_elite_skirmisher_of_rohan|Escaramuzador de élite de Rohan
trp_a5_dism_elite_skirmisher_of_rohan_pl|Escaramuzadores de élite de Rohan
trp_ac5_camel_rider|Jinete de camello Haradrim
trp_ac5_camel_rider_pl|Jinetes de camello Haradrim
trp_aragorn|Aragorn
trp_legolas|Legolas
trp_gimli|Gimli
trp_pippin_notmet|Mediano
trp_merry_notmet|Mediano
trp_pippin|Pippin
trp_merry|Merry
