itm_horse_meat|Horse Meat
itm_horse_meat_pl|Horse Meat
itm_practice_sword|Practice Sword
itm_practice_sword_pl|Practice Sword
itm_arena_lance|Lance
itm_arena_lance_pl|Lance
itm_practice_staff|Wooden Staff
itm_practice_staff_pl|Wooden Staff
itm_practice_bow|Practice Bow
itm_practice_bow_pl|Practice Bow
itm_wooden_javelin|Wooden javelin
itm_wooden_javelin_pl|Wooden javelin
itm_human_meat|Human Flesh
itm_human_meat_pl|Human Flesh
itm_maggoty_bread|Maggoty Bread
itm_maggoty_bread_pl|Maggoty Bread
itm_cram|Cram Ration
itm_cram_pl|Cram Ration
itm_lembas|Lembas
itm_lembas_pl|Lembas
itm_smoked_fish|Smoked Fish
itm_smoked_fish_pl|Smoked Fish
itm_dried_meat|Dried Meat
itm_dried_meat_pl|Dried Meat
itm_cattle_meat|Beef
itm_cattle_meat_pl|Beef
itm_grain|Wheat
itm_grain_pl|Wheat
itm_tools|Tools
itm_tools_pl|Tools
itm_siege_supply|Supplies
itm_siege_supply_pl|Supplies
itm_quest_wine|Wine
itm_quest_wine_pl|Wine
itm_quest_ale|Ale
itm_quest_ale_pl|Ale
itm_metal_scraps_bad|Low grade metal scraps
itm_metal_scraps_bad_pl|Low grade metal scraps
itm_metal_scraps_medium|Usable metal scraps
itm_metal_scraps_medium_pl|Usable metal scraps
itm_metal_scraps_good|Good quality metal scraps
itm_metal_scraps_good_pl|Good quality metal scraps
itm_oliphant|Oliphaunt
itm_oliphant_pl|Oliphaunt
itm_sumpter_horse|Sumpter Horse
itm_sumpter_horse_pl|Sumpter Horse
itm_saddle_horse|Saddle Horse
itm_saddle_horse_pl|Saddle Horse
itm_steppe_horse|Steppe Horse
itm_steppe_horse_pl|Steppe Horse
itm_courser|Courser
itm_courser_pl|Courser
itm_hunter|Hunter
itm_hunter_pl|Hunter
itm_pony|Pony
itm_pony_pl|Pony
itm_dunedain_warhorse|Dunedain Warhorse
itm_dunedain_warhorse_pl|Dunedain Warhorse
itm_rohirrim_courser|Rohirrim Courser
itm_rohirrim_courser_pl|Rohirrim Courser
itm_rohirrim_hunter|Rohirrim Hunter
itm_rohirrim_hunter_pl|Rohirrim Hunter
itm_rohirrim_courser2|Rohirrim Armoured Courser
itm_rohirrim_courser2_pl|Rohirrim Armoured Courser
itm_rohan_warhorse|Rohirrim Warhorse
itm_rohan_warhorse_pl|Rohirrim Warhorse
itm_thengel_warhorse|Eorl Warhorse
itm_thengel_warhorse_pl|Eorl Warhorse
itm_rhun_horse_a|Rhun Horse
itm_rhun_horse_a_pl|Rhun Horse
itm_rhun_horse_b|Rhun Horse
itm_rhun_horse_b_pl|Rhun Horse
itm_rhun_horse_d|Rhun Horse
itm_rhun_horse_d_pl|Rhun Horse
itm_rhun_horse_e|Rhun Heavy Horse
itm_rhun_horse_e_pl|Rhun Heavy Horse
itm_rhun_horse_f|Rhun Heavy Horse
itm_rhun_horse_f_pl|Rhun Heavy Horse
itm_rhun_horse_g|Rhun Heavy Horse
itm_rhun_horse_g_pl|Rhun Heavy Horse
itm_rhun_horse_h|Rhun Heavy Horse
itm_rhun_horse_h_pl|Rhun Heavy Horse
itm_dale_horse|Rhovanion Horse
itm_dale_horse_pl|Rhovanion Horse
itm_dale_warhorse|Rhovanion Warhorse
itm_dale_warhorse_pl|Rhovanion Warhorse
itm_riv_warhorse|Rivendell Warhorse
itm_riv_warhorse_pl|Rivendell Warhorse
itm_riv_warhorse2|Imladris Steed
itm_riv_warhorse2_pl|Imladris Steed
itm_mordor_warhorse|Mordor Warhorse
itm_mordor_warhorse_pl|Mordor Warhorse
itm_mordor_warhorse2|Mordor Sinister Warhorse
itm_mordor_warhorse2_pl|Mordor Sinister Warhorse
itm_gondor_courser|Gondor Courser
itm_gondor_courser_pl|Gondor Courser
itm_gondor_hunter|Gondor Hunter
itm_gondor_hunter_pl|Gondor Hunter
itm_dol_amroth_warhorse|Dol Amroth Warhorse
itm_dol_amroth_warhorse_pl|Dol Amroth Warhorse
itm_dol_amroth_warhorse2|Dol Amroth Heavy Warhorse
itm_dol_amroth_warhorse2_pl|Dol Amroth Heavy Warhorse
itm_gondor_warhorse|Gondor Warhorse
itm_gondor_warhorse_pl|Gondor Warhorse
itm_gondor_lam_horse|Lamedon Armored Horse
itm_gondor_lam_horse_pl|Lamedon Armored Horse
itm_lorien_warhorse|Lothlorien Warhorse
itm_lorien_warhorse_pl|Lothlorien Warhorse
itm_harad_horse|Harad Horse
itm_harad_horse_pl|Harad Horse
itm_harad_warhorse|Harad Warhorse
itm_harad_warhorse_pl|Harad Warhorse
itm_variag_pony|Variag Pony
itm_variag_pony_pl|Variag Pony
itm_variag_kataphrakt|Easterling Warhorse
itm_variag_kataphrakt_pl|Easterling Warhorse
itm_warg_1b|Warg
itm_warg_1b_pl|Warg
itm_warg_1c|Warg
itm_warg_1c_pl|Warg
itm_warg_1d|Warg
itm_warg_1d_pl|Warg
itm_wargarmored_1b|Armored Warg
itm_wargarmored_1b_pl|Armored Warg
itm_wargarmored_1c|Armored Warg
itm_wargarmored_1c_pl|Armored Warg
itm_wargarmored_2b|Armored Warg
itm_wargarmored_2b_pl|Armored Warg
itm_wargarmored_2c|Armored Warg
itm_wargarmored_2c_pl|Armored Warg
itm_wargarmored_3a|Armored Warg
itm_wargarmored_3a_pl|Armored Warg
itm_warg_reward|Huge Warg
itm_warg_reward_pl|Huge Warg
itm_animal_big|Big Animal
itm_animal_big_pl|Big Animal
itm_animal_small|Small Animal
itm_animal_small_pl|Small Animal
itm_troll_weapon_long|Giant Halberd
itm_troll_weapon_long_pl|Giant Halberd
itm_troll_weapon_dmg|Giant Mace
itm_troll_weapon_dmg_pl|Giant Mace
itm_tree_trunk_club_a|Tree Trunk
itm_tree_trunk_club_a_pl|Tree Trunk
itm_giant_mace|Giant Mace
itm_giant_mace_pl|Giant Mace
itm_troll_shield_a|Troll Shield
itm_troll_shield_a_pl|Troll Shield
itm_arrows|Arrows
itm_arrows_pl|Arrows
itm_gondor_arrows|Gondor Arrows
itm_gondor_arrows_pl|Gondor Arrows
itm_orc_javelin|Orc Heavy Javelin
itm_orc_javelin_pl|Orc Heavy Javelin
itm_khergit_arrows|Rohirrim Arrows
itm_khergit_arrows_pl|Rohirrim Arrows
itm_harad_arrows|Haradrim Arrows
itm_harad_arrows_pl|Haradrim Arrows
itm_corsair_arrows|Corsair Arrows
itm_corsair_arrows_pl|Corsair Arrows
itm_ithilien_arrows|Ithilien Arrows
itm_ithilien_arrows_pl|Ithilien Arrows
itm_woodelf_arrows|Woodelf Arrows
itm_woodelf_arrows_pl|Woodelf Arrows
itm_elven_arrows|Elven Arrows
itm_elven_arrows_pl|Elven Arrows
itm_orc_hook_arrow|Orc Hook Arrows
itm_orc_hook_arrow_pl|Orc Hook Arrows
itm_isengard_arrow|Isengard Arrows
itm_isengard_arrow_pl|Isengard Arrows
itm_leather_gloves|Leather Gloves
itm_leather_gloves_pl|Leather Gloves
itm_mail_mittens|Mail Mittens
itm_mail_mittens_pl|Mail Mittens
itm_leather_boots|Leather Boots
itm_leather_boots_pl|Leather Boots
itm_leather_boots_dark|Rider Boots
itm_leather_boots_dark_pl|Rider Boots
itm_splinted_greaves|Splinted Greaves
itm_splinted_greaves_pl|Splinted Greaves
itm_white_tunic_a|Civilian Outfit
itm_white_tunic_a_pl|Civilian Outfit
itm_rohan_shoes|Leather Shoes
itm_rohan_shoes_pl|Leather Shoes
itm_furry_boots|Furry Boots
itm_furry_boots_pl|Furry Boots
itm_black_tunic|Black Tunic
itm_black_tunic_pl|Black Tunic
itm_hood_black|Black Hood
itm_hood_black_pl|Black Hood
itm_hood_green|Green Hood
itm_hood_green_pl|Green Hood
itm_hood_grey|Grey Hood
itm_hood_grey_pl|Grey Hood
itm_hood_leather|Leather Hood
itm_hood_leather_pl|Leather Hood
itm_mail_coif|Mail Coif
itm_mail_coif_pl|Mail Coif
itm_axe_a|Northmen Axe
itm_axe_a_pl|Northmen Axe
itm_axe_b|Northmen Bearded Axe
itm_axe_b_pl|Northmen Bearded Axe
itm_axe_c|Northmen Axe
itm_axe_c_pl|Northmen Axe
itm_axe_d|Northmen Axe
itm_axe_d_pl|Northmen Axe
itm_long_bearded_axe|Northmen Bearded Longaxe
itm_long_bearded_axe_pl|Northmen Bearded Longaxe
itm_2_handed_axe|Northmen Longaxe
itm_2_handed_axe_pl|Northmen Longaxe
itm_shortened_spear|Shortened Spear
itm_shortened_spear_pl|Shortened Spear
itm_spear|Spear
itm_spear_pl|Spear
itm_light_lance|Light Lance
itm_light_lance_pl|Light Lance
itm_lance|Lance
itm_lance_pl|Lance
itm_tab_shield_small_round_b|Round Cavalry Shield
itm_tab_shield_small_round_b_pl|Round Cavalry Shield
itm_short_bow|Short Bow
itm_short_bow_pl|Short Bow
itm_regular_bow|Bow
itm_regular_bow_pl|Bow
itm_nomad_bow|Nomad Bow
itm_nomad_bow_pl|Nomad Bow
itm_gondor_bow|Gondor Bow
itm_gondor_bow_pl|Gondor Bow
itm_strong_bow|Strong Bow
itm_strong_bow_pl|Strong Bow
itm_elven_bow|Elven Bow
itm_elven_bow_pl|Elven Bow
itm_corsair_bow|Corsair Bow
itm_corsair_bow_pl|Corsair Bow
itm_dwarf_horn_bow|Dwarf Horn Bow
itm_dwarf_horn_bow_pl|Dwarf Horn Bow
itm_dwarf_short_bow|Dwarf Short Bow
itm_dwarf_short_bow_pl|Dwarf Short Bow
itm_harad_bow|Harad Curved Bow
itm_harad_bow_pl|Harad Curved Bow
itm_lg_bow|Eagle Guard Bow
itm_lg_bow_pl|Eagle Guard Bow
itm_riv_bow|Rivendell Bow
itm_riv_bow_pl|Rivendell Bow
itm_rhun_bow|Balchoth Bow
itm_rhun_bow_pl|Balchoth Bow
itm_lorien_bow|Galadhrim Bow
itm_lorien_bow_pl|Galadhrim Bow
itm_isengard_large_bow|Isengard Large Bow
itm_isengard_large_bow_pl|Isengard Large Bow
itm_dale_bow|Dale Bow
itm_dale_bow_pl|Dale Bow
itm_uruk_bow|Orc Horn Bow
itm_uruk_bow_pl|Orc Horn Bow
itm_mirkwood_bow|Mirkwood Bow
itm_mirkwood_bow_pl|Mirkwood Bow
itm_dunland_javelin|Dunland Javelins
itm_dunland_javelin_pl|Dunland Javelins
itm_orc_throwing_arrow|Orc Darts
itm_orc_throwing_arrow_pl|Orc Darts
itm_heavy_throwing_spear|Heavy Throwing Spear
itm_heavy_throwing_spear_pl|Heavy Throwing Spear
itm_javelin|Javelin
itm_javelin_pl|Javelin
itm_harad_javelin|Harad Javelin
itm_harad_javelin_pl|Harad Javelin
itm_gondor_javelin|Gondor Javelin
itm_gondor_javelin_pl|Gondor Javelin
itm_rohirrim_throwing_axe|Northmen Throwing Axes
itm_rohirrim_throwing_axe_pl|Northmen Throwing Axes
itm_loss_throwing_axes|Lossarnach Throwing Axes
itm_loss_throwing_axes_pl|Lossarnach Throwing Axes
itm_free_dunedain_helm_a|Arnor Light Helm
itm_free_dunedain_helm_a_pl|Arnor Light Helm
itm_free_dunedain_helm_b|Arnor Helm
itm_free_dunedain_helm_b_pl|Arnor Helm
itm_arnor_helm_c|Arnor Decorated Helm
itm_arnor_helm_c_pl|Arnor Decorated Helm
itm_arnor_helm_b|Arnor Helm
itm_arnor_helm_b_pl|Arnor Helm
itm_arnor_helm_a|Arnor Light Helm
itm_arnor_helm_a_pl|Arnor Light Helm
itm_arnor_light_a|Dunedain Ranger Jerkin
itm_arnor_light_a_pl|Dunedain Ranger Jerkin
itm_arnor_light_b|Dunedain Ranger Mail
itm_arnor_light_b_pl|Dunedain Ranger Mail
itm_arnor_med_a|Dunedain Ranger Coat
itm_arnor_med_a_pl|Dunedain Ranger Coat
itm_arnor_med_b|Dunedain Mail
itm_arnor_med_b_pl|Dunedain Mail
itm_arnor_heavy|Arnorian High Armor
itm_arnor_heavy_pl|Arnorian High Armor
itm_arnor_greaves|Arnorian Greaves
itm_arnor_greaves_pl|Arnorian Greaves
itm_arnor_shield_c|Arnor Cavalry Shield
itm_arnor_shield_c_pl|Arnor Cavalry Shield
itm_arnor_shield_a|Arnor Round Shield
itm_arnor_shield_a_pl|Arnor Round Shield
itm_arnor_sword_c|Arnor War Sword
itm_arnor_sword_c_pl|Arnor War Sword
itm_arnor_sword_a|Arnor Bastard Sword
itm_arnor_sword_a_pl|Arnor Bastard Sword
itm_arnor_sword_f|Arnor Shortsword
itm_arnor_sword_f_pl|Arnor Shortsword
itm_riv_helm_a|Rivendell Coif
itm_riv_helm_a_pl|Rivendell Coif
itm_riv_helm_b|Rivendell Archer Helm
itm_riv_helm_b_pl|Rivendell Archer Helm
itm_riv_helm_c|Rivendell Infantry Helm
itm_riv_helm_c_pl|Rivendell Infantry Helm
itm_tiara_reward|Elf Lord Tiara
itm_tiara_reward_pl|Elf Lord Tiara
itm_riv_shield_a|Rivendell Shield
itm_riv_shield_a_pl|Rivendell Shield
itm_riv_shield_b|Rivendell Shield
itm_riv_shield_b_pl|Rivendell Shield
itm_riv_bas_sword|Rivendell Bastard Sword
itm_riv_bas_sword_pl|Rivendell Bastard Sword
itm_riv_1h_sword|Rivendell Sword
itm_riv_1h_sword_pl|Rivendell Sword
itm_riv_riding_sword|Rivendell Longsword
itm_riv_riding_sword_pl|Rivendell Longsword
itm_riv_archer_sword|Rivendell Short Sword
itm_riv_archer_sword_pl|Rivendell Short Sword
itm_riv_spear|Rivendell Spear
itm_riv_spear_pl|Rivendell Spear
itm_riv_light|Rivendell Tunic
itm_riv_light_pl|Rivendell Tunic
itm_riv_leather|Rivendell Leather Armor
itm_riv_leather_pl|Rivendell Leather Armor
itm_riv_foot_mail|Rivendell Mail
itm_riv_foot_mail_pl|Rivendell Mail
itm_riv_foot_scale|Rivendell Scale
itm_riv_foot_scale_pl|Rivendell Scale
itm_riv_surcoat|Rivendell Surcoat
itm_riv_surcoat_pl|Rivendell Surcoat
itm_riv_knight|Rivendell Knightly Armour
itm_riv_knight_pl|Rivendell Knightly Armour
itm_riv_armor_h_archer|Rivendell Armor
itm_riv_armor_h_archer_pl|Rivendell Armor
itm_riv_boots|Rivendell Boots
itm_riv_boots_pl|Rivendell Boots
itm_gon_footman|Gondor Mail Shirt
itm_gon_footman_pl|Gondor Mail Shirt
itm_gon_jerkin|Gondor Jerkin
itm_gon_jerkin_pl|Gondor Jerkin
itm_gon_regular|Gondor Heavy Mail
itm_gon_regular_pl|Gondor Heavy Mail
itm_gon_bowman|Gondor Gambeson
itm_gon_bowman_pl|Gondor Gambeson
itm_gon_archer|Gondor Gambeson with Cloak
itm_gon_archer_pl|Gondor Gambeson with Cloak
itm_gon_noble_cloak|Gondor Noble's Jerkin
itm_gon_noble_cloak_pl|Gondor Noble's Jerkin
itm_gon_squire|Gondor Mail with Cloak
itm_gon_squire_pl|Gondor Mail with Cloak
itm_gon_knight|Gondor Heavy Mail and Cloak
itm_gon_knight_pl|Gondor Heavy Mail and Cloak
itm_gon_ranger_cloak|Gondor Ranger Cloak
itm_gon_ranger_cloak_pl|Gondor Ranger Cloak
itm_gon_ranger_skirt|Gondor Ranger Skirt
itm_gon_ranger_skirt_pl|Gondor Ranger Skirt
itm_gon_steward_guard|Gondor Steward Guard Armor
itm_gon_steward_guard_pl|Gondor Steward Guard Armor
itm_gon_tower_guard|Gondor Tower Guard Armor
itm_gon_tower_guard_pl|Gondor Tower Guard Armor
itm_gon_tower_knight|Gondor Tower Knight Armor
itm_gon_tower_knight_pl|Gondor Tower Knight Armor
itm_gon_leader_surcoat_cloak|Gondor Leader's Surcoat
itm_gon_leader_surcoat_cloak_pl|Gondor Leader's Surcoat
itm_gondor_ranger_hood|Green Hood
itm_gondor_ranger_hood_pl|Green Hood
itm_gondor_ranger_hood_mask|Gondor Ranger Hood
itm_gondor_ranger_hood_mask_pl|Gondor Ranger Hood
itm_gondor_light_greaves|Gondorian Leather Greaves
itm_gondor_light_greaves_pl|Gondorian Leather Greaves
itm_gondor_med_greaves|Gondorian Medium Greaves
itm_gondor_med_greaves_pl|Gondorian Medium Greaves
itm_gondor_heavy_greaves|Gondorian Mailed Greaves
itm_gondor_heavy_greaves_pl|Gondorian Mailed Greaves
itm_gondor_auxila_helm|Gondor Light Helm
itm_gondor_auxila_helm_pl|Gondor Light Helm
itm_gondorian_archer_helm|Gondor Archer Helm
itm_gondorian_archer_helm_pl|Gondor Archer Helm
itm_tower_archer_helm|Tower Archer Helm
itm_tower_archer_helm_pl|Tower Archer Helm
itm_gondor_leader_helm|Gondor High Helmet
itm_gondor_leader_helm_pl|Gondor High Helmet
itm_tower_guard_helm|Tower Guard Helm
itm_tower_guard_helm_pl|Tower Guard Helm
itm_gondor_citadel_knight_helm|Citadel Knight Helm
itm_gondor_citadel_knight_helm_pl|Citadel Knight Helm
itm_gondor_infantry_helm|Gondor Infantry Helm
itm_gondor_infantry_helm_pl|Gondor Infantry Helm
itm_gondor_knight_helm|Gondor Cavalry Helm
itm_gondor_knight_helm_pl|Gondor Cavalry Helm
itm_gondor_dolamroth_helm|Dol Amroth Helm
itm_gondor_dolamroth_helm_pl|Dol Amroth Helm
itm_swan_knight_helm|Swan Knight Helm
itm_swan_knight_helm_pl|Swan Knight Helm
itm_gondor_lamedon_helm|Lamedon Helm
itm_gondor_lamedon_helm_pl|Lamedon Helm
itm_gondor_lamedon_leader_helm|Lamedon High Helmet
itm_gondor_lamedon_leader_helm_pl|Lamedon High Helmet
itm_blackroot_archer|Blackroot Vale Cloaked Gambeson
itm_blackroot_archer_pl|Blackroot Vale Cloaked Gambeson
itm_blackroot_bowman|Blackroot Vale Cloaked Jerkin
itm_blackroot_bowman_pl|Blackroot Vale Cloaked Jerkin
itm_blackroot_footman|Blackroot Vale Jerkin
itm_blackroot_footman_pl|Blackroot Vale Jerkin
itm_blackroot_warrior|Blackroot Vale Gambeson
itm_blackroot_warrior_pl|Blackroot Vale Gambeson
itm_blackroot_leader|Blackroot Vale Mail
itm_blackroot_leader_pl|Blackroot Vale Mail
itm_blackroot_hood|Black Hood
itm_blackroot_hood_pl|Black Hood
itm_dol_hauberk|Dol Amroth Hauberk
itm_dol_hauberk_pl|Dol Amroth Hauberk
itm_dol_heavy_mail|Dol Amroth Heavy Mail
itm_dol_heavy_mail_pl|Dol Amroth Heavy Mail
itm_dol_padded_coat|Dol Amroth Padded Coat
itm_dol_padded_coat_pl|Dol Amroth Padded Coat
itm_dol_shirt|Dol Amroth Shirt
itm_dol_shirt_pl|Dol Amroth Shirt
itm_dol_very_heavy_mail|Dol Amroth Very Heavy Mail
itm_dol_very_heavy_mail_pl|Dol Amroth Very Heavy Mail
itm_dol_greaves|Dol Amroth Greaves
itm_dol_greaves_pl|Dol Amroth Greaves
itm_dol_shoes|Dol Amroth Light Boots
itm_dol_shoes_pl|Dol Amroth Light Boots
itm_lamedon_clansman|Lamedon Clansman Armor
itm_lamedon_clansman_pl|Lamedon Clansman Armor
itm_lamedon_footman|Lamedon Footman Armor
itm_lamedon_footman_pl|Lamedon Footman Armor
itm_lamedon_knight|Lamedon Knight Armor
itm_lamedon_knight_pl|Lamedon Knight Armor
itm_lamedon_leader_surcoat_cloak|Lamedon Leader Armor
itm_lamedon_leader_surcoat_cloak_pl|Lamedon Leader Armor
itm_lamedon_warrior|Lamedon Warrior Armor
itm_lamedon_warrior_pl|Lamedon Warrior Armor
itm_lamedon_veteran|Lamedon Veteran Armor
itm_lamedon_veteran_pl|Lamedon Veteran Armor
itm_lamedon_vet_warrior|Lamedon Veteran Warrior Armor
itm_lamedon_vet_warrior_pl|Lamedon Veteran Warrior Armor
itm_lamedon_hood|Hood
itm_lamedon_hood_pl|Hood
itm_pinnath_archer|Pinnath Gelin Archer Armor
itm_pinnath_archer_pl|Pinnath Gelin Archer Armor
itm_pinnath_footman|Pinnath Gelin Footman Armor
itm_pinnath_footman_pl|Pinnath Gelin Footman Armor
itm_pinnath_leader|Pinnath Gelin Knight Armor
itm_pinnath_leader_pl|Pinnath Gelin Knight Armor
itm_pinnath_vet_footman|Pinnath Gelin Veteran Footman Armor
itm_pinnath_vet_footman_pl|Pinnath Gelin Veteran Footman Armor
itm_pinnath_warrior|Pinnath Gelin Warrior Armor
itm_pinnath_warrior_pl|Pinnath Gelin Warrior Armor
itm_pel_footman|Pelargir Footman Armor
itm_pel_footman_pl|Pelargir Footman Armor
itm_pel_jerkin|Pelargir Jerkin
itm_pel_jerkin_pl|Pelargir Jerkin
itm_pel_leader|Pelargir Leader Armor
itm_pel_leader_pl|Pelargir Leader Armor
itm_pel_marine|Pelargir Marine
itm_pel_marine_pl|Pelargir Marine
itm_pelargir_marine_leader|Pelargir Marine Leader
itm_pelargir_marine_leader_pl|Pelargir Marine Leader
itm_pelargir_regular|Pelargir Regular
itm_pelargir_regular_pl|Pelargir Regular
itm_pelargir_hood|White Hood
itm_pelargir_hood_pl|White Hood
itm_pelargir_helmet_light|Pelargir Helm
itm_pelargir_helmet_light_pl|Pelargir Helm
itm_pelargir_helmet_heavy|Pelargir Heavy Helm
itm_pelargir_helmet_heavy_pl|Pelargir Heavy Helm
itm_pelargir_greaves|Pelargir Greaves
itm_pelargir_greaves_pl|Pelargir Greaves
itm_lossarnach_shirt|Lossarnach Shirt
itm_lossarnach_shirt_pl|Lossarnach Shirt
itm_lossarnach_axeman|Lossarnach Axeman Armor
itm_lossarnach_axeman_pl|Lossarnach Axeman Armor
itm_lossarnach_leader|Lossarnach Leader Armor
itm_lossarnach_leader_pl|Lossarnach Leader Armor
itm_lossarnach_vet_axeman|Lossarnach Veteran Axeman Armor
itm_lossarnach_vet_axeman_pl|Lossarnach Veteran Axeman Armor
itm_lossarnach_vet_warrior|Lossarnach Veteran Warrior Armor
itm_lossarnach_vet_warrior_pl|Lossarnach Veteran Warrior Armor
itm_lossarnach_warrior|Lossarnach Warrior Armor
itm_lossarnach_warrior_pl|Lossarnach Warrior Armor
itm_lossarnach_cloth_cap|Lossarnach Cloth Cap
itm_lossarnach_cloth_cap_pl|Lossarnach Cloth Cap
itm_lossarnach_leather_cap|Lossarnach Leather Cap
itm_lossarnach_leather_cap_pl|Lossarnach Leather Cap
itm_lossarnach_scale_cap|Lossarnach Scale Cap
itm_lossarnach_scale_cap_pl|Lossarnach Scale Cap
itm_lossarnach_greaves|Lossarnach Greaves
itm_lossarnach_greaves_pl|Lossarnach Greaves
itm_gondor_shield_a|Gondor Square Shield
itm_gondor_shield_a_pl|Gondor Square Shield
itm_gondor_shield_b|Gondor Kite Shield
itm_gondor_shield_b_pl|Gondor Kite Shield
itm_gondor_shield_c|Gondor Tower Shield
itm_gondor_shield_c_pl|Gondor Tower Shield
itm_gondor_shield_d|Gondor Kite Shield
itm_gondor_shield_d_pl|Gondor Kite Shield
itm_gondor_shield_e|Gondor Citadel Shield
itm_gondor_shield_e_pl|Gondor Citadel Shield
itm_gon_tab_shield_a|Heraldic Gondor Round Shield
itm_gon_tab_shield_a_pl|Heraldic Gondor Round Shield
itm_gon_tab_shield_b|Heraldic Gondor Square Shield
itm_gon_tab_shield_b_pl|Heraldic Gondor Square Shield
itm_gon_tab_shield_c|Heraldic Gondor Kite Shield
itm_gon_tab_shield_c_pl|Heraldic Gondor Kite Shield
itm_gon_tab_shield_d|Heraldic Gondor Tower Shield
itm_gon_tab_shield_d_pl|Heraldic Gondor Tower Shield
itm_amroth_sword_a|Dol Amroth Sword
itm_amroth_sword_a_pl|Dol Amroth Sword
itm_amroth_sword_b|Dol Amroth Knight Sword
itm_amroth_sword_b_pl|Dol Amroth Knight Sword
itm_gondor_sword|Gondor Infantry Sword
itm_gondor_sword_pl|Gondor Infantry Sword
itm_amroth_bastard|Dol Amroth Swan Blade
itm_amroth_bastard_pl|Dol Amroth Swan Blade
itm_gondor_short_sword|Linhir Eket
itm_gondor_short_sword_pl|Linhir Eket
itm_pelargir_eket|Pelargir Eket
itm_pelargir_eket_pl|Pelargir Eket
itm_pelargir_sword|Pelargir Sword
itm_pelargir_sword_pl|Pelargir Sword
itm_gondor_ranger_sword|Gondor Ranger Sword
itm_gondor_ranger_sword_pl|Gondor Ranger Sword
itm_gondor_2h_sword|Gondor War Sword
itm_gondor_2h_sword_pl|Gondor War Sword
itm_gondor_citadel_sword|Gondor Citadel Sword
itm_gondor_citadel_sword_pl|Gondor Citadel Sword
itm_gondor_cav_sword|Gondor Cavalry Sword
itm_gondor_cav_sword_pl|Gondor Cavalry Sword
itm_gondor_spear|Gondorian Spear
itm_gondor_spear_pl|Gondorian Spear
itm_gondor_tower_spear|Gondorian Tower Spear
itm_gondor_tower_spear_pl|Gondorian Tower Spear
itm_gondor_lance|Gondor Lance
itm_gondor_lance_pl|Gondor Lance
itm_loss_axe|Gondor Fighting Axe
itm_loss_axe_pl|Gondor Fighting Axe
itm_loss_war_axe|Gondor War Axe
itm_loss_war_axe_pl|Gondor War Axe
itm_lorien_sword_a|Lorien Longsword
itm_lorien_sword_a_pl|Lorien Longsword
itm_lorien_sword_b|Lorien Shortsword
itm_lorien_sword_b_pl|Lorien Shortsword
itm_lorien_sword_c|Lorien War Sword
itm_lorien_sword_c_pl|Lorien War Sword
itm_lorien_archer|Lorien Archer Armor
itm_lorien_archer_pl|Lorien Archer Armor
itm_lorien_armor_a|Lorien Quilted Armor
itm_lorien_armor_a_pl|Lorien Quilted Armor
itm_lorien_armor_b|Lorien Mail Armor
itm_lorien_armor_b_pl|Lorien Mail Armor
itm_lorien_armor_c|Lorien Scale Armor
itm_lorien_armor_c_pl|Lorien Scale Armor
itm_lorien_boots|Lothlorien Boots
itm_lorien_boots_pl|Lothlorien Boots
itm_lorien_shield_b|Lorien Tower Shield
itm_lorien_shield_b_pl|Lorien Tower Shield
itm_lorien_shield_c|Lorien Kite Shield
itm_lorien_shield_c_pl|Lorien Kite Shield
itm_lorien_round_shield|Lorien Round Shield
itm_lorien_round_shield_pl|Lorien Round Shield
itm_lorien_helm_a|Lorien Archer Helm
itm_lorien_helm_a_pl|Lorien Archer Helm
itm_lorien_helm_b|Lorien Archer Helm
itm_lorien_helm_b_pl|Lorien Archer Helm
itm_lorien_helm_c|Lorien Infantry Helm
itm_lorien_helm_c_pl|Lorien Infantry Helm
itm_orc_coif|Orc Skullcap
itm_orc_coif_pl|Orc Skullcap
itm_orc_greaves|Orc Chain Boots
itm_orc_greaves_pl|Orc Chain Boots
itm_orc_ragwrap|Orc Ragwrap
itm_orc_ragwrap_pl|Orc Ragwrap
itm_orc_furboots|Orc Fur Boots
itm_orc_furboots_pl|Orc Fur Boots
itm_orc_tribal_a|Untreated Skin
itm_orc_tribal_a_pl|Untreated Skin
itm_orc_tribal_b|Untreated Skin
itm_orc_tribal_b_pl|Untreated Skin
itm_orc_tribal_c|Untreated Skin
itm_orc_tribal_c_pl|Untreated Skin
itm_evil_gauntlets_a|Black Gloves
itm_evil_gauntlets_a_pl|Black Gloves
itm_evil_gauntlets_b|Black Gauntlets
itm_evil_gauntlets_b_pl|Black Gauntlets
itm_isen_orc_light_a|Isengard Orc Light Harness
itm_isen_orc_light_a_pl|Isengard Orc Light Harness
itm_isen_orc_light_b|Isengard Orc Light Harness
itm_isen_orc_light_b_pl|Isengard Orc Light Harness
itm_isen_orc_pad_a|Isengard Orc Light Segmented Armor
itm_isen_orc_pad_a_pl|Isengard Orc Light Segmented Armor
itm_isen_orc_pad_b|Isengard Orc Medium Segmented Armor
itm_isen_orc_pad_b_pl|Isengard Orc Medium Segmented Armor
itm_isen_orc_mail_a|Isengard Orc Mail
itm_isen_orc_mail_a_pl|Isengard Orc Mail
itm_isen_orc_mail_b|Isengard Orc Heavy Segmented Armor
itm_isen_orc_mail_b_pl|Isengard Orc Heavy Segmented Armor
itm_isen_uruk_light_a|Uruk-hai Light Harness
itm_isen_uruk_light_a_pl|Uruk-hai Light Harness
itm_isen_uruk_light_b|Uruk-hai Fighting Harness
itm_isen_uruk_light_b_pl|Uruk-hai Fighting Harness
itm_isen_uruk_light_c|Uruk-hai Berserker Harness
itm_isen_uruk_light_c_pl|Uruk-hai Berserker Harness
itm_isen_uruk_med_a|Uruk-hai Light Segmented Armour
itm_isen_uruk_med_a_pl|Uruk-hai Light Segmented Armour
itm_isen_uruk_med_b|Uruk-hai Mail
itm_isen_uruk_med_b_pl|Uruk-hai Mail
itm_isen_uruk_heavy_a|Uruk-hai Medium Segmented Armour
itm_isen_uruk_heavy_a_pl|Uruk-hai Medium Segmented Armour
itm_isen_uruk_heavy_b|Uruk-hai Heavy Mail
itm_isen_uruk_heavy_b_pl|Uruk-hai Heavy Mail
itm_isen_uruk_heavy_c|Uruk-hai Full Segmented Armour
itm_isen_uruk_heavy_c_pl|Uruk-hai Full Segmented Armour
itm_isen_uruk_heavy_d|Uruk-hai Tracker Leather
itm_isen_uruk_heavy_d_pl|Uruk-hai Tracker Leather
itm_isen_uruk_heavy_e|Uruk-hai Tracker Leather
itm_isen_uruk_heavy_e_pl|Uruk-hai Tracker Leather
itm_uruk_tracker_boots|Uruk Tracker Boots
itm_uruk_tracker_boots_pl|Uruk Tracker Boots
itm_uruk_greaves|Uruk Greaves
itm_uruk_greaves_pl|Uruk Greaves
itm_uruk_chain_greaves|Uruk Chain Greaves
itm_uruk_chain_greaves_pl|Uruk Chain Greaves
itm_uruk_ragwrap|Uruk Ragwrap
itm_uruk_ragwrap_pl|Uruk Ragwrap
itm_isen_orc_helm_a|Isengard Orc Helm
itm_isen_orc_helm_a_pl|Isengard Orc Helm
itm_isen_uruk_helm_a|Uruk-Hai Helm
itm_isen_uruk_helm_a_pl|Uruk-Hai Helm
itm_isen_uruk_helm_d|Uruk-Hai Captain Helm
itm_isen_uruk_helm_d_pl|Uruk-Hai Captain Helm
itm_isen_uruk_helm_e|Uruk-Hai Tracker Helm
itm_isen_uruk_helm_e_pl|Uruk-Hai Tracker Helm
itm_uruk_pike_b|Mordor Pike
itm_uruk_pike_b_pl|Mordor Pike
itm_uruk_falchion_a|Uruk Falchion
itm_uruk_falchion_a_pl|Uruk Falchion
itm_uruk_falchion_b|Orc Great Scimitar
itm_uruk_falchion_b_pl|Orc Great Scimitar
itm_isengard_sword|Isengard Sword
itm_isengard_sword_pl|Isengard Sword
itm_isengard_axe|Isengard Axe
itm_isengard_axe_pl|Isengard Axe
itm_isengard_hammer|Isengard Hammer
itm_isengard_hammer_pl|Isengard Hammer
itm_isengard_halberd|Isengard Halberd
itm_isengard_halberd_pl|Isengard Halberd
itm_isengard_mallet|Isengard Mallet
itm_isengard_mallet_pl|Isengard Mallet
itm_isengard_heavy_axe|Isengard Heavy Axe
itm_isengard_heavy_axe_pl|Isengard Heavy Axe
itm_isengard_heavy_sword|Isengard Heavy Sword
itm_isengard_heavy_sword_pl|Isengard Heavy Sword
itm_isengard_spear|Isengard Spear
itm_isengard_spear_pl|Isengard Spear
itm_isengard_pike|Isengard Pike
itm_isengard_pike_pl|Isengard Pike
itm_isen_orc_shield_a|Isen Orc Shield
itm_isen_orc_shield_a_pl|Isen Orc Shield
itm_isen_orc_shield_b|Isen Orc Shield
itm_isen_orc_shield_b_pl|Isen Orc Shield
itm_isen_uruk_shield_b|Isen Uruk Shield
itm_isen_uruk_shield_b_pl|Isen Uruk Shield
itm_wood_club|Wooden Club
itm_wood_club_pl|Wooden Club
itm_twohand_wood_club|Large Wooden Club
itm_twohand_wood_club_pl|Large Wooden Club
itm_bone_cudgel|Bone Cudgel
itm_bone_cudgel_pl|Bone Cudgel
itm_orc_pick|Orc Pick
itm_orc_pick_pl|Orc Pick
itm_orc_hammer|Evil Hammer
itm_orc_hammer_pl|Evil Hammer
itm_orc_club_b|Warg Rider Club
itm_orc_club_b_pl|Warg Rider Club
itm_orc_club_c|Spiky Orc Club
itm_orc_club_c_pl|Spiky Orc Club
itm_orc_club_d|Evil Mace
itm_orc_club_d_pl|Evil Mace
itm_orc_sledgehammer|Orc Sledgehammer
itm_orc_sledgehammer_pl|Orc Sledgehammer
itm_orc_simple_spear|Orc Spear
itm_orc_simple_spear_pl|Orc Spear
itm_orc_skull_spear|Orc Skull Spear
itm_orc_skull_spear_pl|Orc Skull Spear
itm_orc_bill|Orc Polearm
itm_orc_bill_pl|Orc Polearm
itm_orc_slasher|Orc Short Sword
itm_orc_slasher_pl|Orc Short Sword
itm_orc_falchion|Orc Falchion
itm_orc_falchion_pl|Orc Falchion
itm_orc_scimitar|Orc Scimitar
itm_orc_scimitar_pl|Orc Scimitar
itm_orc_sabre|Orc Sabre
itm_orc_sabre_pl|Orc Sabre
itm_orc_battle_axe|Orc Battle Axe
itm_orc_battle_axe_pl|Orc Battle Axe
itm_orc_axe|Orc Axe
itm_orc_axe_pl|Orc Axe
itm_orc_two_handed_axe|Orc Great Axe
itm_orc_two_handed_axe_pl|Orc Great Axe
itm_orc_throwing_axes|Orc Throwing Axes
itm_orc_throwing_axes_pl|Orc Throwing Axes
itm_orc_bow|Orc Bow
itm_orc_bow_pl|Orc Bow
itm_orc_shield_a|Simple Shield
itm_orc_shield_a_pl|Simple Shield
itm_orc_shield_b|Fur Shield
itm_orc_shield_b_pl|Fur Shield
itm_orc_shield_c|Fur Tower Shield
itm_orc_shield_c_pl|Fur Tower Shield
itm_mordor_orc_shield_a|Mordor Orc Shield
itm_mordor_orc_shield_a_pl|Mordor Orc Shield
itm_mordor_orc_shield_b|Mordor Orc Shield
itm_mordor_orc_shield_b_pl|Mordor Orc Shield
itm_mordor_orc_shield_c|Mordor Orc Shield
itm_mordor_orc_shield_c_pl|Mordor Orc Shield
itm_mordor_orc_shield_d|Mordor Orc Shield
itm_mordor_orc_shield_d_pl|Mordor Orc Shield
itm_mordor_orc_shield_e|Mordor Orc Shield
itm_mordor_orc_shield_e_pl|Mordor Orc Shield
itm_mordor_uruk_shield_a|Mordor Uruk Shield
itm_mordor_uruk_shield_a_pl|Mordor Uruk Shield
itm_mordor_uruk_shield_b|Mordor Uruk Shield
itm_mordor_uruk_shield_b_pl|Mordor Uruk Shield
itm_mordor_uruk_shield_c|Mordor Uruk Shield
itm_mordor_uruk_shield_c_pl|Mordor Uruk Shield
itm_mordor_man_shield_a|Mordor Man Shield
itm_mordor_man_shield_a_pl|Mordor Man Shield
itm_mordor_man_shield_b|Mordor Man Shield
itm_mordor_man_shield_b_pl|Mordor Man Shield
itm_angmar_shield|Angmar Shield
itm_angmar_shield_pl|Angmar Shield
itm_orc_nosehelm|Orc Nosehelm
itm_orc_nosehelm_pl|Orc Nosehelm
itm_orc_kettlehelm|Orc Kettlehelm
itm_orc_kettlehelm_pl|Orc Kettlehelm
itm_orc_buckethelm|Orc Buckethelm
itm_orc_buckethelm_pl|Orc Buckethelm
itm_orc_morion|Orc Morion
itm_orc_morion_pl|Orc Morion
itm_orc_beakhelm|Orc Beakhelm
itm_orc_beakhelm_pl|Orc Beakhelm
itm_orc_bughelm|Orc Bughelm
itm_orc_bughelm_pl|Orc Bughelm
itm_orc_visorhelm|Orc Visorhelm
itm_orc_visorhelm_pl|Orc Visorhelm
itm_m_orc_light_a|Mordor Orc Light Armor
itm_m_orc_light_a_pl|Mordor Orc Light Armor
itm_m_orc_light_b|Mordor Orc Light Armor
itm_m_orc_light_b_pl|Mordor Orc Light Armor
itm_m_orc_light_c|Mordor Orc Light Armor
itm_m_orc_light_c_pl|Mordor Orc Light Armor
itm_m_orc_light_d|Mordor Orc Light Armor
itm_m_orc_light_d_pl|Mordor Orc Light Armor
itm_m_orc_light_e|Mordor Orc Light Armor
itm_m_orc_light_e_pl|Mordor Orc Light Armor
itm_m_orc_heavy_a|Mordor Orc Heavy Armor
itm_m_orc_heavy_a_pl|Mordor Orc Heavy Armor
itm_m_orc_heavy_b|Mordor Orc Heavy Armor
itm_m_orc_heavy_b_pl|Mordor Orc Heavy Armor
itm_m_orc_heavy_c|Mordor Orc Heavy Armor
itm_m_orc_heavy_c_pl|Mordor Orc Heavy Armor
itm_m_orc_heavy_d|Mordor Orc Heavy Armor
itm_m_orc_heavy_d_pl|Mordor Orc Heavy Armor
itm_m_orc_heavy_e|Mordor Orc Heavy Armor
itm_m_orc_heavy_e_pl|Mordor Orc Heavy Armor
itm_m_uruk_light_a|Uruk Harness
itm_m_uruk_light_a_pl|Uruk Harness
itm_m_uruk_light_b|Uruk Leather Armor
itm_m_uruk_light_b_pl|Uruk Leather Armor
itm_m_uruk_light_c|Uruk Light Mail
itm_m_uruk_light_c_pl|Uruk Light Mail
itm_m_uruk_med_a|Uruk Heavy Leather
itm_m_uruk_med_a_pl|Uruk Heavy Leather
itm_m_uruk_med_b|Uruk Heavy Mail
itm_m_uruk_med_b_pl|Uruk Heavy Mail
itm_m_uruk_med_c|Uruk Light Scale
itm_m_uruk_med_c_pl|Uruk Light Scale
itm_m_uruk_heavy_a|Uruk Heavy Scale
itm_m_uruk_heavy_a_pl|Uruk Heavy Scale
itm_m_uruk_heavy_b|Uruk Platemail
itm_m_uruk_heavy_b_pl|Uruk Platemail
itm_m_uruk_heavy_c|Lugburz Platemail
itm_m_uruk_heavy_c_pl|Lugburz Platemail
itm_m_cap_armor|Mordor Captain Armor
itm_m_cap_armor_pl|Mordor Captain Armor
itm_black_num_armor|Black Numenorean Armor
itm_black_num_armor_pl|Black Numenorean Armor
itm_m_armor_a|Mordor Armor
itm_m_armor_a_pl|Mordor Armor
itm_m_armor_b|Mordor Armor
itm_m_armor_b_pl|Mordor Armor
itm_evil_light_armor|Sinister Garb
itm_evil_light_armor_pl|Sinister Garb
itm_uruk_helm_a|Uruk Helm
itm_uruk_helm_a_pl|Uruk Helm
itm_uruk_helm_b|Uruk Helm
itm_uruk_helm_b_pl|Uruk Helm
itm_uruk_helm_c|Uruk Beak Helm
itm_uruk_helm_c_pl|Uruk Beak Helm
itm_uruk_helm_d|Uruk Grill Helm
itm_uruk_helm_d_pl|Uruk Grill Helm
itm_uruk_helm_e|Uruk Mask Helm
itm_uruk_helm_e_pl|Uruk Mask Helm
itm_uruk_helm_f|Uruk Helm
itm_uruk_helm_f_pl|Uruk Helm
itm_mordor_cap_helm|Mordor Captain Helm
itm_mordor_cap_helm_pl|Mordor Captain Helm
itm_mordor_helm|Mordor Helm
itm_mordor_helm_pl|Mordor Helm
itm_black_num_helm|Black Numenorean Helm
itm_black_num_helm_pl|Black Numenorean Helm
itm_mordor_sword|Bastard Sword of Mordor
itm_mordor_sword_pl|Bastard Sword of Mordor
itm_mordor_longsword|Sword of Mordor
itm_mordor_longsword_pl|Sword of Mordor
itm_moria_armor_a|Moria Breast Harness
itm_moria_armor_a_pl|Moria Breast Harness
itm_moria_armor_b|Moria Breast and Shoulders
itm_moria_armor_b_pl|Moria Breast and Shoulders
itm_moria_armor_c|Moria Orc Mail
itm_moria_armor_c_pl|Moria Orc Mail
itm_moria_armor_d|Moria Bolted Leather
itm_moria_armor_d_pl|Moria Bolted Leather
itm_moria_armor_e|Moria Orc Heavy Mail
itm_moria_armor_e_pl|Moria Orc Heavy Mail
itm_moria_orc_shield_a|Moria Great Shield
itm_moria_orc_shield_a_pl|Moria Great Shield
itm_moria_orc_shield_b|Moria Orc Shield
itm_moria_orc_shield_b_pl|Moria Orc Shield
itm_moria_orc_shield_c|Moria Orc Shield
itm_moria_orc_shield_c_pl|Moria Orc Shield
itm_gundabad_armor_a|Gundabad Orc Rags
itm_gundabad_armor_a_pl|Gundabad Orc Rags
itm_gundabad_armor_b|Gundabad Orc Fur
itm_gundabad_armor_b_pl|Gundabad Orc Fur
itm_gundabad_armor_c|Gundabad Orc Armor
itm_gundabad_armor_c_pl|Gundabad Orc Armor
itm_gundabad_armor_d|Gundabad Orc Armor
itm_gundabad_armor_d_pl|Gundabad Orc Armor
itm_gundabad_armor_e|Gundabad Orc Heavy Armor
itm_gundabad_armor_e_pl|Gundabad Orc Heavy Armor
itm_gundabad_helm_a|Leather Cap
itm_gundabad_helm_a_pl|Leather Cap
itm_gundabad_helm_b|Leather Helm
itm_gundabad_helm_b_pl|Leather Helm
itm_gundabad_helm_c|Gundabad Helm
itm_gundabad_helm_c_pl|Gundabad Helm
itm_gundabad_helm_d|Gundabad Helm
itm_gundabad_helm_d_pl|Gundabad Helm
itm_gundabad_helm_e|Wargrider Helm
itm_gundabad_helm_e_pl|Wargrider Helm
itm_dunland_wolfboots|Dunland Wolfboots
itm_dunland_wolfboots_pl|Dunland Wolfboots
itm_dunland_tunic_1|Dunnish Leather Tunic
itm_dunland_tunic_1_pl|Dunnish Leather Tunic
itm_dunland_tunic_2|Dunnish Leather Tunic
itm_dunland_tunic_2_pl|Dunnish Leather Tunic
itm_dunland_fur_1|Dunnish Fur
itm_dunland_fur_1_pl|Dunnish Fur
itm_dunland_fur_2|Dunnish Fur
itm_dunland_fur_2_pl|Dunnish Fur
itm_dunland_mail_1|Dunnish Hauberk
itm_dunland_mail_1_pl|Dunnish Hauberk
itm_dunland_mail_2|Dunnish Hauberk
itm_dunland_mail_2_pl|Dunnish Hauberk
itm_dunland_chieftain|Dunnish Chief Armor
itm_dunland_chieftain_pl|Dunnish Chief Armor
itm_dun_helm_a|Dunnish Wolf Cap
itm_dun_helm_a_pl|Dunnish Wolf Cap
itm_dun_helm_b|Dunnish Fur Cap
itm_dun_helm_b_pl|Dunnish Fur Cap
itm_dun_helm_c|Dunnish Tall Helm
itm_dun_helm_c_pl|Dunnish Tall Helm
itm_dun_shield_a|Dunnish Roundshield
itm_dun_shield_a_pl|Dunnish Roundshield
itm_dun_shield_b|Dunnish Oval Shield
itm_dun_shield_b_pl|Dunnish Oval Shield
itm_dun_berserker|Dunland Chieftain Sword
itm_dun_berserker_pl|Dunland Chieftain Sword
itm_dunnish_antler_axe|Dunnish Antler Axe
itm_dunnish_antler_axe_pl|Dunnish Antler Axe
itm_dunnish_war_axe|Dunnish War Axe
itm_dunnish_war_axe_pl|Dunnish War Axe
itm_dunnish_axe|Dunnish Axe
itm_dunnish_axe_pl|Dunnish Axe
itm_dunland_spear|Dunnish Spear
itm_dunland_spear_pl|Dunnish Spear
itm_dunnish_pike|Dunnish Pike
itm_dunnish_pike_pl|Dunnish Pike
itm_rohan_cav_sword|Rohan Riding Sword
itm_rohan_cav_sword_pl|Rohan Riding Sword
itm_rohan_inf_sword|Rohan Sword
itm_rohan_inf_sword_pl|Rohan Sword
itm_rohan_spear|Rohan Spear
itm_rohan_spear_pl|Rohan Spear
itm_rohan_lance|Rohan Lance
itm_rohan_lance_pl|Rohan Lance
itm_rohan_sword_c|Rohan Sword
itm_rohan_sword_c_pl|Rohan Sword
itm_rohirrim_short_axe|Rohirrim Short Axe
itm_rohirrim_short_axe_pl|Rohirrim Short Axe
itm_rohirrim_long_hafted_axe|Rohirrim Long Hafted Axe
itm_rohirrim_long_hafted_axe_pl|Rohirrim Long Hafted Axe
itm_rohan_2h_sword|Rohan War Sword
itm_rohan_2h_sword_pl|Rohan War Sword
itm_rohan_recruit|Rohan Padded Jerkin
itm_rohan_recruit_pl|Rohan Padded Jerkin
itm_rohan_leather|Rohan Leather Vest
itm_rohan_leather_pl|Rohan Leather Vest
itm_rohan_mail|Rohan Hauberk
itm_rohan_mail_pl|Rohan Hauberk
itm_rohan_rider|Rohan Rider Armor
itm_rohan_rider_pl|Rohan Rider Armor
itm_rohan_scale|Rohan Scale Armor
itm_rohan_scale_pl|Rohan Scale Armor
itm_rohan_surcoat|Rohan Surcoat
itm_rohan_surcoat_pl|Rohan Surcoat
itm_rohan_guard|Rohan Guard Armor
itm_rohan_guard_pl|Rohan Guard Armor
itm_rohan_light_helmet_a|Rohan Light Helm
itm_rohan_light_helmet_a_pl|Rohan Light Helm
itm_rohan_light_helmet_b|Rohan Light Helm
itm_rohan_light_helmet_b_pl|Rohan Light Helm
itm_rohan_inf_helmet_a|Rohan Eyeguard Helm
itm_rohan_inf_helmet_a_pl|Rohan Eyeguard Helm
itm_rohan_inf_helmet_b|Rohan Eyeguard Helm
itm_rohan_inf_helmet_b_pl|Rohan Eyeguard Helm
itm_rohan_archer_helmet_a|Rohan Nasal Helm
itm_rohan_archer_helmet_a_pl|Rohan Nasal Helm
itm_rohan_archer_helmet_b|Rohan Nasal Helm
itm_rohan_archer_helmet_b_pl|Rohan Nasal Helm
itm_rohan_archer_helmet_c|Rohan Guard Helm
itm_rohan_archer_helmet_c_pl|Rohan Guard Helm
itm_rohan_shield_a|Rohan Shield
itm_rohan_shield_a_pl|Rohan Shield
itm_rohan_shield_b|Rohan Shield
itm_rohan_shield_b_pl|Rohan Shield
itm_rohan_shield_c|Rohan Shield
itm_rohan_shield_c_pl|Rohan Shield
itm_rohan_shield_d|Rohan Shield
itm_rohan_shield_d_pl|Rohan Shield
itm_rohan_shield_e|Rohan Shield
itm_rohan_shield_e_pl|Rohan Shield
itm_rohan_shield_f|Rohan Shield
itm_rohan_shield_f_pl|Rohan Shield
itm_rohan_shield_g|Rohan Royal Shield
itm_rohan_shield_g_pl|Rohan Royal Shield
itm_rohan_light_greaves|Rohan Light Greaves
itm_rohan_light_greaves_pl|Rohan Light Greaves
itm_rohirrim_war_greaves|Rohirrim War Greaves
itm_rohirrim_war_greaves_pl|Rohirrim War Greaves
itm_mirkwood_leather|Woodelf Leather Armor
itm_mirkwood_leather_pl|Woodelf Leather Armor
itm_mirkwood_pad|Greenwood Quilted Coat
itm_mirkwood_pad_pl|Greenwood Quilted Coat
itm_mirkwood_mail|Greenwood Mail
itm_mirkwood_mail_pl|Greenwood Mail
itm_mirkwood_scale|Greenwood Light Scale
itm_mirkwood_scale_pl|Greenwood Light Scale
itm_mirkwood_heavy_scale|Greenwood Leafscale
itm_mirkwood_heavy_scale_pl|Greenwood Leafscale
itm_mirkwood_sword|Woodelf Sword
itm_mirkwood_sword_pl|Woodelf Sword
itm_mirkwood_great_spear|Greenwood Great Spear
itm_mirkwood_great_spear_pl|Greenwood Great Spear
itm_mirkwood_war_spear|Greenwood War Spear
itm_mirkwood_war_spear_pl|Greenwood War Spear
itm_mirkwood_short_spear|Woodelf Spear
itm_mirkwood_short_spear_pl|Woodelf Spear
itm_mirkwood_knife|Woodelf Knife
itm_mirkwood_knife_pl|Woodelf Knife
itm_mirkwood_axe|Woodelf Axe
itm_mirkwood_axe_pl|Woodelf Axe
itm_mirkwood_spear_shield_a|Woodelf Shield
itm_mirkwood_spear_shield_a_pl|Woodelf Shield
itm_mirkwood_spear_shield_b|Greenwood War Shield
itm_mirkwood_spear_shield_b_pl|Greenwood War Shield
itm_mirkwood_spear_shield_c|Woodelf Round Shield
itm_mirkwood_spear_shield_c_pl|Woodelf Round Shield
itm_mirkwood_helm_a|Woodelf Archer Helm
itm_mirkwood_helm_a_pl|Woodelf Archer Helm
itm_mirkwood_helm_b|Greenwood Helm
itm_mirkwood_helm_b_pl|Greenwood Helm
itm_mirkwood_helm_c|Greenwood Heavy Helm
itm_mirkwood_helm_c_pl|Greenwood Heavy Helm
itm_mirkwood_helm_d|Greenwood Royal Helm
itm_mirkwood_helm_d_pl|Greenwood Royal Helm
itm_woodelf_leather_boots|Woodelf Leather Boots
itm_woodelf_leather_boots_pl|Woodelf Leather Boots
itm_mirkwood_boots|Greenwood Boots
itm_mirkwood_boots_pl|Greenwood Boots
itm_harad_tunic|Harad Tunic
itm_harad_tunic_pl|Harad Tunic
itm_harad_padded|Harad Padded Jerkin
itm_harad_padded_pl|Harad Padded Jerkin
itm_harad_lamellar|Harad Scale Vest
itm_harad_lamellar_pl|Harad Scale Vest
itm_harad_heavy_lamellar|Harad Heavy Scale Vest
itm_harad_heavy_lamellar_pl|Harad Heavy Scale Vest
itm_harad_heavy|Harasjala Armor
itm_harad_heavy_pl|Harasjala Armor
itm_harad_pectoral|Harad Breastplate
itm_harad_pectoral_pl|Harad Breastplate
itm_black_snake_armor|Maranka Armor
itm_black_snake_armor_pl|Maranka Armor
itm_harad_champion|Far Harad Garb
itm_harad_champion_pl|Far Harad Garb
itm_harad_scale|Harad Scale Armor
itm_harad_scale_pl|Harad Scale Armor
itm_harad_lion_scale|Lion Guard Armor
itm_harad_lion_scale_pl|Lion Guard Armor
itm_harad_dragon_helm|Kiloka Helm
itm_harad_dragon_helm_pl|Kiloka Helm
itm_harad_cav_helm_a|Harondor Light Helm
itm_harad_cav_helm_a_pl|Harondor Light Helm
itm_harad_cav_helm_b|Harondor Light Helm
itm_harad_cav_helm_b_pl|Harondor Light Helm
itm_black_snake_helm|Maranka Helm
itm_black_snake_helm_pl|Maranka Helm
itm_harad_finhelm|Harad Heavy Footman Helmet
itm_harad_finhelm_pl|Harad Heavy Footman Helmet
itm_harad_heavy_inf_helm|Harad Footman Helmet
itm_harad_heavy_inf_helm_pl|Harad Footman Helmet
itm_harad_wavy_helm|Harad Conical Helmet
itm_harad_wavy_helm_pl|Harad Conical Helmet
itm_harad_eaglehelm|Eagle Guard Helm
itm_harad_eaglehelm_pl|Eagle Guard Helm
itm_lion_helm|Lion Guard Helm
itm_lion_helm_pl|Lion Guard Helm
itm_harad_pantherhelm|Panther Guard Cap
itm_harad_pantherhelm_pl|Panther Guard Cap
itm_harad_khopesh|Harad Khopesh
itm_harad_khopesh_pl|Harad Khopesh
itm_black_snake_sword|Harad Cobra Sword
itm_black_snake_sword_pl|Harad Cobra Sword
itm_harad_heavy_sword|Harad Dragon Sword
itm_harad_heavy_sword_pl|Harad Dragon Sword
itm_horandor_a|Harad Scimitar
itm_horandor_a_pl|Harad Scimitar
itm_skirmisher_sword|Harad Skirmisher Sword
itm_skirmisher_sword_pl|Harad Skirmisher Sword
itm_harad_sabre|Harad Salamander Sword
itm_harad_sabre_pl|Harad Salamander Sword
itm_harad_mace|Far Harad Mace
itm_harad_mace_pl|Far Harad Mace
itm_far_harad_2h_mace|Far Harad Two Handed Mace
itm_far_harad_2h_mace_pl|Far Harad Two Handed Mace
itm_harad_dagger|Harad Knife
itm_harad_dagger_pl|Harad Knife
itm_harad_short_spear|Harad Short Spear
itm_harad_short_spear_pl|Harad Short Spear
itm_harad_long_spear|Harad Spear
itm_harad_long_spear_pl|Harad Spear
itm_eagle_guard_spear|Harasjala Polearm
itm_eagle_guard_spear_pl|Harasjala Polearm
itm_harad_long_shield_a|Harad Leopard Shield
itm_harad_long_shield_a_pl|Harad Leopard Shield
itm_harad_long_shield_b|Harad Bronze Shield
itm_harad_long_shield_b_pl|Harad Bronze Shield
itm_harad_long_shield_c|Harad Sun Shield
itm_harad_long_shield_c_pl|Harad Sun Shield
itm_harad_long_shield_d|Harad Snake Shield
itm_harad_long_shield_d_pl|Harad Snake Shield
itm_harad_long_shield_e|Harad Snake Shield
itm_harad_long_shield_e_pl|Harad Snake Shield
itm_harad_shield_a|Harondor Shield
itm_harad_shield_a_pl|Harondor Shield
itm_harad_shield_b|Harondor Buckler
itm_harad_shield_b_pl|Harondor Buckler
itm_harad_shield_c|Harondor Buckler
itm_harad_shield_c_pl|Harondor Buckler
itm_harad_yellow_shield|Harad Shield
itm_harad_yellow_shield_pl|Harad Shield
itm_desert_boots|Desert Boots
itm_desert_boots_pl|Desert Boots
itm_harad_leather_greaves|Harad Leather Greaves
itm_harad_leather_greaves_pl|Harad Leather Greaves
itm_harad_scale_greaves|Harad Greaves
itm_harad_scale_greaves_pl|Harad Greaves
itm_harad_lamellar_greaves|Harad Splinted Greaves
itm_harad_lamellar_greaves_pl|Harad Splinted Greaves
itm_camel|Harad Camel
itm_camel_pl|Harad Camel
itm_khand_inf_helm_a|Khand Helm
itm_khand_inf_helm_a_pl|Khand Helm
itm_khand_inf_helm_b|Khand Helm
itm_khand_inf_helm_b_pl|Khand Helm
itm_khand_inf_helm_c1|Khand Bowl Helm
itm_khand_inf_helm_c1_pl|Khand Bowl Helm
itm_khand_inf_helm_c2|Khand Bowl Helm
itm_khand_inf_helm_c2_pl|Khand Bowl Helm
itm_khand_inf_helm_d|Khand Cone Helm
itm_khand_inf_helm_d_pl|Khand Cone Helm
itm_khand_cav_helm_a|Khand Rider Helm
itm_khand_cav_helm_a_pl|Khand Rider Helm
itm_khand_cav_helm_b|Khand Rider Helm
itm_khand_cav_helm_b_pl|Khand Rider Helm
itm_khand_cav_helm_c|Khand Decorated Helm
itm_khand_cav_helm_c_pl|Khand Decorated Helm
itm_khand_helm_mask|Khand Mask
itm_khand_helm_mask_pl|Khand Mask
itm_khand_light|Khand Kilt
itm_khand_light_pl|Khand Kilt
itm_khand_light_lam|Khand Light Footmen Armor
itm_khand_light_lam_pl|Khand Light Footmen Armor
itm_khand_foot_lam|Khand Heavy Footman Armor
itm_khand_foot_lam_pl|Khand Heavy Footman Armor
itm_khand_med_lam|Khand Medium Lamellar
itm_khand_med_lam_pl|Khand Medium Lamellar
itm_khand_heavy_lam|Khand Heavy Lamellar
itm_khand_heavy_lam_pl|Khand Heavy Lamellar
itm_khand_mail|Khand Mail
itm_khand_mail_pl|Khand Mail
itm_khand_noble_lam|Khand Noble Armor
itm_khand_noble_lam_pl|Khand Noble Armor
itm_khand_axe_great|Khand Great Axe
itm_khand_axe_great_pl|Khand Great Axe
itm_khand_axe_winged|Khand Winged Axe
itm_khand_axe_winged_pl|Khand Winged Axe
itm_khand_halberd|Khand Halberd
itm_khand_halberd_pl|Khand Halberd
itm_khand_trident|Khand Trident
itm_khand_trident_pl|Khand Trident
itm_khand_voulge|Khand Voulge
itm_khand_voulge_pl|Khand Voulge
itm_khand_mace1|Khand Mace
itm_khand_mace1_pl|Khand Mace
itm_khand_mace2|Khand Mace
itm_khand_mace2_pl|Khand Mace
itm_khand_throwing_axe|Khand Throwing Axe
itm_khand_throwing_axe_pl|Khand Throwing Axe
itm_khand_rammace|Khand Ram Mace
itm_khand_rammace_pl|Khand Ram Mace
itm_khand_pitsword|Pit Fighter Sword
itm_khand_pitsword_pl|Pit Fighter Sword
itm_khand_tulwar|Khand Tulwar
itm_khand_tulwar_pl|Khand Tulwar
itm_khand_2h_tulwar|Khand Great Tulwar
itm_khand_2h_tulwar_pl|Khand Great Tulwar
itm_khand_lance|Khand Lance
itm_khand_lance_pl|Khand Lance
itm_easterling_round_horseman|Easterling Round Shield
itm_easterling_round_horseman_pl|Easterling Round Shield
itm_variag_gladiator_shield|Easterling Pit Shield
itm_variag_gladiator_shield_pl|Easterling Pit Shield
itm_easterling_hawk_shield|Easterling Hawk Shield
itm_easterling_hawk_shield_pl|Easterling Hawk Shield
itm_rhun_bull1_shield|Rhun Shield
itm_rhun_bull1_shield_pl|Rhun Shield
itm_rhun_bull2_shield|Rhun Shield
itm_rhun_bull2_shield_pl|Rhun Shield
itm_rhun_bull3_shield|Rhun Shield
itm_rhun_bull3_shield_pl|Rhun Shield
itm_rhun_shield|Rhun Kite Shield
itm_rhun_shield_pl|Rhun Kite Shield
itm_rhun_armor_a|Rhun Light Battlewear
itm_rhun_armor_a_pl|Rhun Light Battlewear
itm_rhun_armor_b|Rhun Light Battlewear
itm_rhun_armor_b_pl|Rhun Light Battlewear
itm_rhun_armor_d|Rhun Light Battlewear
itm_rhun_armor_d_pl|Rhun Light Battlewear
itm_rhun_armor_g|Rhun Heavy Battlewear
itm_rhun_armor_g_pl|Rhun Heavy Battlewear
itm_rhun_armor_h|Rhun Heavy Battlewear
itm_rhun_armor_h_pl|Rhun Heavy Battlewear
itm_rhun_armor_j|Rhun Medium Battlewear
itm_rhun_armor_j_pl|Rhun Medium Battlewear
itm_rhun_armor_m|Rhun Medium Battlewear
itm_rhun_armor_m_pl|Rhun Medium Battlewear
itm_rhun_armor_n|Rhun Medium Battlewear
itm_rhun_armor_n_pl|Rhun Medium Battlewear
itm_rhun_armor_o|Rhun Medium Battlewear
itm_rhun_armor_o_pl|Rhun Medium Battlewear
itm_rhun_armor_p|Rhun Noble Armor
itm_rhun_armor_p_pl|Rhun Noble Armor
itm_rhun_armor_k|Rhun Noble Armor
itm_rhun_armor_k_pl|Rhun Noble Armor
itm_rhun_helm_chieftain|Rhun Chieftain Helm
itm_rhun_helm_chieftain_pl|Rhun Chieftain Helm
itm_rhun_helm_pot|Rhun Pot Helm
itm_rhun_helm_pot_pl|Rhun Pot Helm
itm_rhun_helm_barbed|Rhun Barbed Helm
itm_rhun_helm_barbed_pl|Rhun Barbed Helm
itm_rhun_helm_round|Rhun Round Helm
itm_rhun_helm_round_pl|Rhun Round Helm
itm_rhun_helm_horde|Rhun Horde Helm
itm_rhun_helm_horde_pl|Rhun Horde Helm
itm_rhun_helm_leather|Rhun Leather Helm
itm_rhun_helm_leather_pl|Rhun Leather Helm
itm_rhun_warpick|Rhun War Pick
itm_rhun_warpick_pl|Rhun War Pick
itm_rhun_greataxe|Rhun Great Axe
itm_rhun_greataxe_pl|Rhun Great Axe
itm_rhun_battleaxe|Rhun Battle Axe
itm_rhun_battleaxe_pl|Rhun Battle Axe
itm_rhun_falchion|Savage Falchion
itm_rhun_falchion_pl|Savage Falchion
itm_rhun_glaive|Rhun Glaive
itm_rhun_glaive_pl|Rhun Glaive
itm_rhun_greatfalchion|Savage Great Falchion
itm_rhun_greatfalchion_pl|Savage Great Falchion
itm_rhun_greatsword|Savage Great Sword
itm_rhun_greatsword_pl|Savage Great Sword
itm_rhun_shortsword|Savage Shortsword
itm_rhun_shortsword_pl|Savage Shortsword
itm_rhun_sword|Savage Sword
itm_rhun_sword_pl|Savage Sword
itm_rhun_mangler|Rhun Mangler
itm_rhun_mangler_pl|Rhun Mangler
itm_dale_light_a|Dale Militia Jacket
itm_dale_light_a_pl|Dale Militia Jacket
itm_dale_light_b|Northmen Light Lamellar
itm_dale_light_b_pl|Northmen Light Lamellar
itm_dale_med_a|Northmen Heavy Lamellar
itm_dale_med_a_pl|Northmen Heavy Lamellar
itm_dale_med_b|Dale Leather Armor
itm_dale_med_b_pl|Dale Leather Armor
itm_dale_med_c|Dale Leather Over Mail
itm_dale_med_c_pl|Dale Leather Over Mail
itm_dale_med_d|Dale Lamellar Armor
itm_dale_med_d_pl|Dale Lamellar Armor
itm_dale_heavy_a|Dale Lamellar Over Mail
itm_dale_heavy_a_pl|Dale Lamellar Over Mail
itm_dale_heavy_b|Dale Plated Coat
itm_dale_heavy_b_pl|Dale Plated Coat
itm_dale_heavy_c|Rhovanion Mail
itm_dale_heavy_c_pl|Rhovanion Mail
itm_north_leather|Northmen Leather Vest
itm_north_leather_pl|Northmen Leather Vest
itm_dale_helmet_a|Dale Light Infantry Helm
itm_dale_helmet_a_pl|Dale Light Infantry Helm
itm_dale_helmet_b|Dale Light Archer Helm
itm_dale_helmet_b_pl|Dale Light Archer Helm
itm_dale_helmet_c|Dale Infantry Helm
itm_dale_helmet_c_pl|Dale Infantry Helm
itm_dale_helmet_d|Dale Archer Helm
itm_dale_helmet_d_pl|Dale Archer Helm
itm_dale_helmet_e|Barding Helm
itm_dale_helmet_e_pl|Barding Helm
itm_dale_helmet_f|Barding Helm
itm_dale_helmet_f_pl|Barding Helm
itm_dale_sword|Dale Shortsword
itm_dale_sword_pl|Dale Shortsword
itm_dale_sword_long|Dale Longsword
itm_dale_sword_long_pl|Dale Longsword
itm_dale_sword_broad|Dale Infantry Sword
itm_dale_sword_broad_pl|Dale Infantry Sword
itm_dale_pike|Dale Spear
itm_dale_pike_pl|Dale Spear
itm_dale_billhook|Dale Billhook
itm_dale_billhook_pl|Dale Billhook
itm_dale_shield_a|Dale Tower Shield
itm_dale_shield_a_pl|Dale Tower Shield
itm_dale_shield_b|Dale Tower Shield
itm_dale_shield_b_pl|Dale Tower Shield
itm_dale_shield_c|Dale Round Shield
itm_dale_shield_c_pl|Dale Round Shield
itm_umb_armor_a|Corsair Leather Vest
itm_umb_armor_a_pl|Corsair Leather Vest
itm_umb_armor_b|Corsair Leather Armor
itm_umb_armor_b_pl|Corsair Leather Armor
itm_umb_armor_c|Corsair Light Scale
itm_umb_armor_c_pl|Corsair Light Scale
itm_umb_armor_d|Corsair Scale
itm_umb_armor_d_pl|Corsair Scale
itm_umb_armor_e|Corsair Hauberk
itm_umb_armor_e_pl|Corsair Hauberk
itm_umb_armor_f|Corsair Noble Armour
itm_umb_armor_f_pl|Corsair Noble Armour
itm_umb_helm_a|Corsair Shell Helm
itm_umb_helm_a_pl|Corsair Shell Helm
itm_umb_helm_b|Corsair Tall Helm
itm_umb_helm_b_pl|Corsair Tall Helm
itm_umb_helm_c|Corsair Militia Helm
itm_umb_helm_c_pl|Corsair Militia Helm
itm_umb_helm_d|Corsair Raider Helm
itm_umb_helm_d_pl|Corsair Raider Helm
itm_umb_helm_reward|Ancient Numenorean Karma
itm_umb_helm_reward_pl|Ancient Numenorean Karma
itm_corsair_trident|Trident of Sea Fury
itm_corsair_trident_pl|Trident of Sea Fury
itm_corsair_boots|Corsair Boots
itm_corsair_boots_pl|Corsair Boots
itm_umb_shield_a|Corsair Shield
itm_umb_shield_a_pl|Corsair Shield
itm_umb_shield_b|Corsair Buckler
itm_umb_shield_b_pl|Corsair Buckler
itm_umb_shield_c|Corsair Buckler
itm_umb_shield_c_pl|Corsair Buckler
itm_umb_shield_d|Corsair Buckler
itm_umb_shield_d_pl|Corsair Buckler
itm_umbar_spear|Umbar Short Spear
itm_umbar_spear_pl|Umbar Short Spear
itm_umbar_cutlass|Umbar Cutlass
itm_umbar_cutlass_pl|Umbar Cutlass
itm_kraken|Kraken Cutlass
itm_kraken_pl|Kraken Cutlass
itm_umbar_rapier|Umbar Boarding Sword
itm_umbar_rapier_pl|Umbar Boarding Sword
itm_corsair_harpoon|Corsair Harpoon
itm_corsair_harpoon_pl|Corsair Harpoon
itm_corsair_sword|Corsair Eket
itm_corsair_sword_pl|Corsair Eket
itm_corsair_throwing_dagger|Crooked Throwing Daggers
itm_corsair_throwing_dagger_pl|Crooked Throwing Daggers
itm_umbar_pike|Corsair Trident
itm_umbar_pike_pl|Corsair Trident
itm_woodman_tunic|Woodmen Tunic
itm_woodman_tunic_pl|Woodmen Tunic
itm_woodman_scout|Woodmen Scout Cape
itm_woodman_scout_pl|Woodmen Scout Cape
itm_woodman_padded|Woodmen Padded Armor
itm_woodman_padded_pl|Woodmen Padded Armor
itm_beorn_tunic|Beorning Tunic
itm_beorn_tunic_pl|Beorning Tunic
itm_beorn_padded|Beorning Padded Armor
itm_beorn_padded_pl|Beorning Padded Armor
itm_beorn_heavy|Beorning Heavy Armor
itm_beorn_heavy_pl|Beorning Heavy Armor
itm_beorn_berserk|Beorning Berserker Kit
itm_beorn_berserk_pl|Beorning Berserker Kit
itm_beorn_chief|Beorning Chieftan's Tunic
itm_beorn_chief_pl|Beorning Chieftan's Tunic
itm_beorn_helmet|Bear Skullcap
itm_beorn_helmet_pl|Bear Skullcap
itm_beorn_shield|Northmen Shield
itm_beorn_shield_pl|Northmen Shield
itm_beorn_axe|Beorning Axe
itm_beorn_axe_pl|Beorning Axe
itm_beorn_staff|Woodmen Staff
itm_beorn_staff_pl|Woodmen Staff
itm_beorn_battle_axe|Beorning War Axe
itm_beorn_battle_axe_pl|Beorning War Axe
itm_dwarf_shield_a|Dwarven Angular Shield
itm_dwarf_shield_a_pl|Dwarven Angular Shield
itm_dwarf_shield_b|Dwarven Tower Shield
itm_dwarf_shield_b_pl|Dwarven Tower Shield
itm_dwarf_shield_c|Dwarven Fighting Shield
itm_dwarf_shield_c_pl|Dwarven Fighting Shield
itm_dwarf_shield_d|Dwarven Round Shield
itm_dwarf_shield_d_pl|Dwarven Round Shield
itm_north_round_shield|Northmen Round Shield
itm_north_round_shield_pl|Northmen Round Shield
itm_woodmen_heavy|Mirkwood Armor
itm_woodmen_heavy_pl|Mirkwood Armor
itm_dwarf_sword_a|Dwarf Sword
itm_dwarf_sword_a_pl|Dwarf Sword
itm_dwarf_sword_b|Beorning Shortsword
itm_dwarf_sword_b_pl|Beorning Shortsword
itm_dwarf_sword_c|Dwarf Sword
itm_dwarf_sword_c_pl|Dwarf Sword
itm_dwarf_sword_d|Dwarf Sword
itm_dwarf_sword_d_pl|Dwarf Sword
itm_dwarf_battle_axe|Dwarf Battle Axe
itm_dwarf_battle_axe_pl|Dwarf Battle Axe
itm_dwarf_great_axe|Dwarf Great Axe
itm_dwarf_great_axe_pl|Dwarf Great Axe
itm_dwarf_great_mattock|Dwarf Great Mattock
itm_dwarf_great_mattock_pl|Dwarf Great Mattock
itm_dwarf_great_pick|Dwarf Great Pick
itm_dwarf_great_pick_pl|Dwarf Great Pick
itm_dwarf_throwing_axe_reward|Erebor Flying Axes
itm_dwarf_throwing_axe_reward_pl|Erebor Flying Axes
itm_dwarf_mattock|Dwarf Mattock
itm_dwarf_mattock_pl|Dwarf Mattock
itm_dwarf_hand_axe|Dwarf Short Axe
itm_dwarf_hand_axe_pl|Dwarf Short Axe
itm_dwarf_throwing_axe|Dwarf Throwing Axes
itm_dwarf_throwing_axe_pl|Dwarf Throwing Axes
itm_dwarf_spear|Dwarf Spear
itm_dwarf_spear_pl|Dwarf Spear
itm_dwarf_spear_b|Dwarf Pike
itm_dwarf_spear_b_pl|Dwarf Pike
itm_dwarf_spear_c|Dwarf Longaxe
itm_dwarf_spear_c_pl|Dwarf Longaxe
itm_dwarf_helm_coif|Dwarf Coif
itm_dwarf_helm_coif_pl|Dwarf Coif
itm_dwarf_nasal_b|Dwarf Nasal Helm
itm_dwarf_nasal_b_pl|Dwarf Nasal Helm
itm_north_skullcap|North Skullcap
itm_north_skullcap_pl|North Skullcap
itm_dwarf_helm_kettle|Dwarf Kettle Helm
itm_dwarf_helm_kettle_pl|Dwarf Kettle Helm
itm_dwarf_helm_fris|Dwarf Frisian Helm
itm_dwarf_helm_fris_pl|Dwarf Frisian Helm
itm_north_leather_skullcap|North Light Skullcap
itm_north_leather_skullcap_pl|North Light Skullcap
itm_dwarf_hood|Dwarf Hood
itm_dwarf_hood_pl|Dwarf Hood
itm_dwarf_nasal|Dwarf Nasal Tophelm
itm_dwarf_nasal_pl|Dwarf Nasal Tophelm
itm_north_nasal_helm|North Nasal Helm
itm_north_nasal_helm_pl|North Nasal Helm
itm_dwarf_helm_p|Dwarf King Helm
itm_dwarf_helm_p_pl|Dwarf King Helm
itm_dwarf_miner|Dwarf Light Helm
itm_dwarf_miner_pl|Dwarf Light Helm
itm_north_chieftain|North Chieftain Helm
itm_north_chieftain_pl|North Chieftain Helm
itm_dwarf_helm_round|Dwarf Round Helm
itm_dwarf_helm_round_pl|Dwarf Round Helm
itm_dwarf_helm_sallet|Dwarf Sallet
itm_dwarf_helm_sallet_pl|Dwarf Sallet
itm_dwarf_armor_d|Iron Hills Coat of Scales
itm_dwarf_armor_d_pl|Iron Hills Coat of Scales
itm_dwarf_armor_a|Erebor Surcoat over Mail
itm_dwarf_armor_a_pl|Erebor Surcoat over Mail
itm_leather_dwarf_armor|Erebor Padded Coat
itm_leather_dwarf_armor_pl|Erebor Padded Coat
itm_dwarf_armor_b|Erebor Tunic over Mail
itm_dwarf_armor_b_pl|Erebor Tunic over Mail
itm_leather_dwarf_armor_b|Dwarven Padded Jerkin
itm_leather_dwarf_armor_b_pl|Dwarven Padded Jerkin
itm_dwarf_armor_c|Erebor Scale Mail
itm_dwarf_armor_c_pl|Erebor Scale Mail
itm_dwarf_vest|Dwarven Tunic
itm_dwarf_vest_pl|Dwarven Tunic
itm_dwarf_vest_b|Iron Hills Mail
itm_dwarf_vest_b_pl|Iron Hills Mail
itm_dwarf_pad_boots|Dwarven Padded Boots
itm_dwarf_pad_boots_pl|Dwarven Padded Boots
itm_dwarf_chain_boots|Dwarven Mail Chausses
itm_dwarf_chain_boots_pl|Dwarven Mail Chausses
itm_dwarf_scale_boots|Dwarven Scale Boots
itm_dwarf_scale_boots_pl|Dwarven Scale Boots
itm_good_mace|Mace
itm_good_mace_pl|Mace
itm_mordor_banner|Mordor Banner
itm_mordor_banner_pl|Mordor Banner
itm_isengard_banner|Isengard banner
itm_isengard_banner_pl|Isengard banner
itm_woodelf_banner|Mirkwood Banner
itm_woodelf_banner_pl|Mirkwood Banner
itm_lorien_banner|Lothlorien Banner
itm_lorien_banner_pl|Lothlorien Banner
itm_imladris_banner|Imladris Banner
itm_imladris_banner_pl|Imladris Banner
itm_gondor_lance_banner|Gondor Lance With Banner
itm_gondor_lance_banner_pl|Gondor Lance With Banner
itm_amroth_lance_banner|Dol Amroth Lance With Banner
itm_amroth_lance_banner_pl|Dol Amroth Lance With Banner
itm_rohan_lance_banner_sun|Rohan Lance With Sun Banner
itm_rohan_lance_banner_sun_pl|Rohan Lance With Sun Banner
itm_rohan_lance_banner_horse|Rohan Lance With Horse Banner
itm_rohan_lance_banner_horse_pl|Rohan Lance With Horse Banner
itm_ent_water|Strange Bowl of Water
itm_ent_water_pl|Strange Bowl of Water
itm_map|Maps of Middle Earth
itm_map_pl|Maps of Middle Earth
itm_athelas_reward|Dried Athelas Leaves
itm_athelas_reward_pl|Dried Athelas Leaves
itm_phial_reward|Light of Galadriel
itm_phial_reward_pl|Light of Galadriel
itm_scroll_reward|On the Fall of Gondolin
itm_scroll_reward_pl|On the Fall of Gondolin
itm_hammer_reward|Smith's Hammer
itm_hammer_reward_pl|Smith's Hammer
itm_khand_knife_reward|Khand Sacrificial Knife
itm_khand_knife_reward_pl|Khand Sacrificial Knife
itm_angmar_whip_reward|Master's Whip
itm_angmar_whip_reward_pl|Master's Whip
itm_horn_gondor_reward|Horn of Gondor
itm_horn_gondor_reward_pl|Horn of Gondor
itm_harad_totem_reward|Harad Totem
itm_harad_totem_reward_pl|Harad Totem
itm_elven_amulet_reward|Elven Amulet
itm_elven_amulet_reward_pl|Elven Amulet
itm_torque_reward|Evil Torque
itm_torque_reward_pl|Evil Torque
itm_orc_brew|Orc Brew
itm_orc_brew_pl|Orc Brew
itm_rohan_saddle|Saddle
itm_rohan_saddle_pl|Saddle
itm_mearas_reward|Mearh Stallion
itm_mearas_reward_pl|Mearh Stallion
itm_shield_of_tuor|Shield of Tuor
itm_shield_of_tuor_pl|Shield of Tuor
itm_riv_armor_reward|Rivendell Decorated Armor
itm_riv_armor_reward_pl|Rivendell Decorated Armor
itm_westernesse1h_reward|Sword of Westernesse
itm_westernesse1h_reward_pl|Sword of Westernesse
itm_westernesse2h_reward|Sword of Westernesse
itm_westernesse2h_reward_pl|Sword of Westernesse
itm_mirkwood_sword_reward|Greenwood Relic Sword
itm_mirkwood_sword_reward_pl|Greenwood Relic Sword
itm_nazgul_sword|Wicked Sword
itm_nazgul_sword_pl|Wicked Sword
itm_cooking_cauldron|Cooking Cauldron
itm_cooking_cauldron_pl|Cooking Cauldron
itm_eorl_cavalry_sword|Sword of Eorl
itm_eorl_cavalry_sword_pl|Sword of Eorl
itm_garlic_reward|Garlic
itm_garlic_reward_pl|Garlic
itm_silmarillion_reward|Silmarillion
itm_silmarillion_reward_pl|Silmarillion
itm_herbarium_reward|Middle Earth Herbarium
itm_herbarium_reward_pl|Middle Earth Herbarium
itm_book_of_moria|Book of Mazarbul
itm_book_of_moria_pl|Book of Mazarbul
itm_ring_a_reward|Tulcarisil
itm_ring_a_reward_pl|Tulcarisil
itm_ring_b_reward|Finwarisil
itm_ring_b_reward_pl|Finwarisil
itm_dale_bow_reward|Bow of Bard
itm_dale_bow_reward_pl|Bow of Bard
itm_tome_of_knowledge|Tome of Arcane Knowledge
itm_tome_of_knowledge_pl|Tome of Arcane Knowledge
itm_orc_idol_reward|Idol of the First Orc
itm_orc_idol_reward_pl|Idol of the First Orc
itm_crebain_reward|Crebain
itm_crebain_reward_pl|Crebain
itm_miruvor_reward|Miruvor Flask
itm_miruvor_reward_pl|Miruvor Flask
itm_wheeled_cage|Giant Wheeled Cage
itm_wheeled_cage_pl|Giant Wheeled Cage
itm_orc_throwing_axes_reward|Gundabad Flying Axes
itm_orc_throwing_axes_reward_pl|Gundabad Flying Axes
itm_corsair_throwing_dagger_reward|Poisoned Throwing Daggers
itm_corsair_throwing_dagger_reward_pl|Poisoned Throwing Daggers
itm_dwarf_shield_reward|Shield of Kheled-zaram
itm_dwarf_shield_reward_pl|Shield of Kheled-zaram
itm_dwarf_great_axe_reward|Dwarf Sharp Axe
itm_dwarf_great_axe_reward_pl|Dwarf Sharp Axe
itm_isen_uruk_heavy_reward|Uruk-hai General Armor
itm_isen_uruk_heavy_reward_pl|Uruk-hai General Armor
itm_lorien_bow_reward|Noldorin Bow
itm_lorien_bow_reward_pl|Noldorin Bow
itm_elven_cloak|Elven Cloak
itm_elven_cloak_pl|Elven Cloak
itm_dale_sword_reward|Dale Royal Sword
itm_dale_sword_reward_pl|Dale Royal Sword
itm_dale_armor_reward|Dale Noblemen Mail
itm_dale_armor_reward_pl|Dale Noblemen Mail
itm_leather_gloves_reward|Archer Gloves
itm_leather_gloves_reward_pl|Archer Gloves
itm_beorn_shield_reward|Beorning Shield
itm_beorn_shield_reward_pl|Beorning Shield
itm_beorn_axe_reward|Bear Club
itm_beorn_axe_reward_pl|Bear Club
itm_drums_of_the_deep|Drums of the Deep
itm_drums_of_the_deep_pl|Drums of the Deep
itm_khamul_helm|Helm of Khamul
itm_khamul_helm_pl|Helm of Khamul
itm_black_arrows_reward|Black Arrows
itm_black_arrows_reward_pl|Black Arrows
itm_leather_boots_reward|Hunter Boots
itm_leather_boots_reward_pl|Hunter Boots
itm_rohan_armor_th|Rohan Royal Armor
itm_rohan_armor_th_pl|Rohan Royal Armor
itm_wilderness_cowl|Hunter Cowl
itm_wilderness_cowl_pl|Hunter Cowl
itm_prisoner_coll_chain|Prisoner Chains
itm_prisoner_coll_chain_pl|Prisoner Chains
itm_witchking_helmet|Sorcerer's Mask
itm_witchking_helmet_pl|Sorcerer's Mask
itm_feet_chains|Feet Chains
itm_feet_chains_pl|Feet Chains
itm_feet_chains_dwarf|Feet Chains
itm_feet_chains_dwarf_pl|Feet Chains
itm_spider|Spider
itm_spider_pl|Spider
itm_bear|Bear
itm_bear_pl|Bear
itm_wolf|Wolf
itm_wolf_pl|Wolf
itm_werewolf|Werewolf
itm_werewolf_pl|Werewolf
itm_thrush_reward|Thrush
itm_thrush_reward_pl|Thrush
itm_gauntlets_reward|Iron Fists
itm_gauntlets_reward_pl|Iron Fists
itm_gondor_custom|Custom Gondor
itm_gondor_custom_pl|Custom Gondor
itm_stones_siege|Siege Stones
itm_stones_siege_pl|Siege Stones
itm_beorn_axe_no_attack|Beorning Axe
itm_beorn_axe_no_attack_pl|Beorning Axe
itm_tabard_b_wb|Tabard
itm_tabard_b_wb_pl|Tabard
itm_nobleman_outfit_b_new_wb|Nobleman Outfit
itm_nobleman_outfit_b_new_wb_pl|Nobleman Outfit
itm_peasant_man_a_wb|Peasant Outfit
itm_peasant_man_a_wb_pl|Peasant Outfit
itm_leather_jerkin_wb|Leather Jerkin
itm_leather_jerkin_wb_pl|Leather Jerkin
itm_white_tunic_c_wb|Tunic Jacket
itm_white_tunic_c_wb_pl|Tunic Jacket
itm_white_tunic_a_wb|White Tunic
itm_white_tunic_a_wb_pl|White Tunic
itm_red_tunic_wb|Red Tunic
itm_red_tunic_wb_pl|Red Tunic
itm_fur_coat_wb|Dale Coat
itm_fur_coat_wb_pl|Dale Coat
itm_fur_hat_a_new_wb|Fur Hat
itm_fur_hat_a_new_wb_pl|Fur Hat
itm_noel_hat_a_wb|Fur Hat
itm_noel_hat_a_wb_pl|Fur Hat
itm_peasant_dress_b_new_wb|Blue Dress
itm_peasant_dress_b_new_wb_pl|Blue Dress
itm_sarranid_lady_dress_wb|Blue Dress
itm_sarranid_lady_dress_wb_pl|Blue Dress
itm_sar_robe_b_wb|Robe
itm_sar_robe_b_wb_pl|Robe
itm_black_dress_wb|Black Dress
itm_black_dress_wb_pl|Black Dress
itm_blackwhite_dress_wb|Lady Dress
itm_blackwhite_dress_wb_pl|Lady Dress
itm_white_tunic_b_wb|Simple Tunic
itm_white_tunic_b_wb_pl|Simple Tunic
itm_blue_tunic_wb|Blue Tunic
itm_blue_tunic_wb_pl|Blue Tunic
itm_black_tunic_wb|Black Tunic
itm_black_tunic_wb_pl|Black Tunic
itm_green_tunic_wb|Green Tunic
itm_green_tunic_wb_pl|Green Tunic
itm_green_dress_wb|Green Dress
itm_green_dress_wb_pl|Green Dress
itm_gondor_fine_outfit_dress_wb|Fine Outfit
itm_gondor_fine_outfit_dress_wb_pl|Fine Outfit
itm_rohan_fine_outfit_dale_dress_wb|Fine Outfit
itm_rohan_fine_outfit_dale_dress_wb_pl|Fine Outfit
itm_robe_generic_dress_wb|Robe
itm_robe_generic_dress_wb_pl|Robe
itm_wimple_a_wb|Wimple
itm_wimple_a_wb_pl|Wimple
itm_wimple_with_veil_wb|Wimple
itm_wimple_with_veil_wb_pl|Wimple
itm_fine_hat_wb|Fine Hat
itm_fine_hat_wb_pl|Fine Hat
itm_rohan_tunic_a_wb|Rohan Tunic
itm_rohan_tunic_a_wb_pl|Rohan Tunic
itm_rohan_tunic_b_wb|Rohan Tunic
itm_rohan_tunic_b_wb_pl|Rohan Tunic
itm_denethor_robe|Fine Outfit
itm_denethor_robe_pl|Fine Outfit
itm_ent_head_helm2|Ent Head
itm_ent_head_helm2_pl|Ent Head
itm_ent_head_helm3|Ent Head
itm_ent_head_helm3_pl|Ent Head
itm_civilian_hammer|Hammer
itm_civilian_hammer_pl|Hammer
itm_civilian_woodaxe_1h|Axe
itm_civilian_woodaxe_1h_pl|Axe
itm_civilian_woodaxe_2h|Heavy Axe
itm_civilian_woodaxe_2h_pl|Heavy Axe
itm_civilian_war_mattock|Mattock
itm_civilian_war_mattock_pl|Mattock
itm_civilian_great_mattock|Mattock
itm_civilian_great_mattock_pl|Mattock
itm_civilian_adz|Mattock
itm_civilian_adz_pl|Mattock
itm_civilian_pickaxe|Mattock
itm_civilian_pickaxe_pl|Mattock
itm_civilian_shovel|Shovel
itm_civilian_shovel_pl|Shovel
itm_civilian_carry_wood_heap|Fire Wood
itm_civilian_carry_wood_heap_pl|Fire Wood
itm_civilian_carry_wood|Wood
itm_civilian_carry_wood_pl|Wood
itm_civilian_carry_amphora|Amphora
itm_civilian_carry_amphora_pl|Amphora
itm_civilian_carry_sack|Sack
itm_civilian_carry_sack_pl|Sack
itm_civilian_carry_basket|Basket
itm_civilian_carry_basket_pl|Basket
itm_civilian_carry_honey|Honey
itm_civilian_carry_honey_pl|Honey
itm_civilian_carry_oil|Oil
itm_civilian_carry_oil_pl|Oil
itm_civilian_carry_wood2|Wood
itm_civilian_carry_wood2_pl|Wood
itm_work_basket|Basket
itm_work_basket_pl|Basket
itm_work_basket_2|Basket
itm_work_basket_2_pl|Basket
