trp_unarmed_troop|Unarmed Troop
trp_unarmed_troop_pl|Unarmed Troops
trp_tutorial_maceman|Maceman
trp_tutorial_maceman_pl|Macemen
trp_tutorial_archer|Archer
trp_tutorial_archer_pl|Archers
trp_tutorial_swordsman|Swordsman
trp_tutorial_swordsman_pl|Swordsmen
trp_novice_fighter|Novice Fighter
trp_novice_fighter_pl|Novice Fighters
trp_regular_fighter|Regular Fighter
trp_regular_fighter_pl|Regular Fighters
trp_veteran_fighter|Veteran Fighter
trp_veteran_fighter_pl|Veteran Fighters
trp_champion_fighter|Champion Fighter
trp_champion_fighter_pl|Champion Fighters
trp_arena_training_fighter_1|Novice Fighter
trp_arena_training_fighter_1_pl|Novice Fighters
trp_arena_training_fighter_2|Novice Fighter
trp_arena_training_fighter_2_pl|Novice Fighters
trp_arena_training_fighter_3|Regular Fighter
trp_arena_training_fighter_3_pl|Regular Fighters
trp_arena_training_fighter_4|Regular Fighter
trp_arena_training_fighter_4_pl|Regular Fighters
trp_arena_training_fighter_5|Regular Fighter
trp_arena_training_fighter_5_pl|Regular Fighters
trp_arena_training_fighter_6|Veteran Fighter
trp_arena_training_fighter_6_pl|Veteran Fighters
trp_arena_training_fighter_7|Veteran Fighter
trp_arena_training_fighter_7_pl|Veteran Fighters
trp_arena_training_fighter_8|Veteran Fighter
trp_arena_training_fighter_8_pl|Veteran Fighters
trp_arena_training_fighter_9|Champion Fighter
trp_arena_training_fighter_9_pl|Champion Fighters
trp_arena_training_fighter_10|Champion Fighter
trp_arena_training_fighter_10_pl|Champion Fighters
trp_cattle|Cattle
trp_cattle_pl|Cattle
trp_farmer|Farmer
trp_farmer_pl|Farmers
trp_townsman|Townsman
trp_townsman_pl|Townsmen
trp_watchman|Townswoman
trp_watchman_pl|Townswomen
trp_i1_woodmen_man|Woodmen Settler
trp_i1_woodmen_man_pl|Woodmen Settlers
trp_i2_woodmen_forester|Woodmen Forester
trp_i2_woodmen_forester_pl|Woodmen Foresters
trp_i3_woodmen_skilled_forester|Woodmen Skilled Forester
trp_i3_woodmen_skilled_forester_pl|Woodmen Skilled Foresters
trp_i4_woodmen_axemen|Woodmen Axeman
trp_i4_woodmen_axemen_pl|Woodmen Axemen
trp_i5_woodmen_night_guard|Night Guard of Mirkwood
trp_i5_woodmen_night_guard_pl|Night Guards of Mirkwood
trp_a2_woodmen_tracker|Woodmen Tracker
trp_a2_woodmen_tracker_pl|Woodmen Trackers
trp_a3_woodmen_scout|Woodmen Scout
trp_a3_woodmen_scout_pl|Woodmen Scouts
trp_a4_woodmen_archer|Woodmen Archer
trp_a4_woodmen_archer_pl|Woodmen Archers
trp_a5_woodmen_night_stalker|Night Stalker of Mirkwood
trp_a5_woodmen_night_stalker_pl|Night Stalkers of Mirkwood
trp_i1_beorning_man|Beorning Man
trp_i1_beorning_man_pl|Beorning Men
trp_i2_beorning_warrior|Beorning Warrior
trp_i2_beorning_warrior_pl|Beorning Warriors
trp_i3_beorning_tolltacker|Beorning Toll-Taker
trp_i3_beorning_tolltacker_pl|Beorning Toll-Takers
trp_i4_beorning_sentinel|Beorning Sentinel
trp_i4_beorning_sentinel_pl|Beorning Sentinels
trp_i5_beorning_warden_of_the_ford|Beorning Warden of the Ford
trp_i5_beorning_warden_of_the_ford_pl|Beorning Wardens of the Ford
trp_i3_beorning_carrock_lookout|Beorning Carrock Lookout
trp_i3_beorning_carrock_lookout_pl|Beorning Carrock Lookouts
trp_i4_beorning_carrock_fighter|Beorning Carrock Fighter
trp_i4_beorning_carrock_fighter_pl|Beorning Carrock Fighters
trp_i5_beorning_carrock_berserker|Beorning Carrock Berserker
trp_i5_beorning_carrock_berserker_pl|Beorning Carrock Berserkers
trp_i1_dale_militia|Dale Militiaman
trp_i1_dale_militia_pl|Dale Militia
trp_i2_dale_man_at_arms|Dale Man-at-Arms
trp_i2_dale_man_at_arms_pl|Dale Men-at-Arms
trp_a2_dale_scout|Dale Scout
trp_a2_dale_scout_pl|Dale Scouts
trp_a3_dale_bowman|Dale Bowman
trp_a3_dale_bowman_pl|Dale Bowmen
trp_a4_dale_archer|Dale Archer
trp_a4_dale_archer_pl|Dale Archers
trp_a5_barding_bowman|Barding Bowman
trp_a5_barding_bowman_pl|Barding Bowmen
trp_i3_dale_swordsman|Dale Swordsman
trp_i3_dale_swordsman_pl|Dale Swordsmen
trp_i4_dale_sergeant|Dale Sergeant
trp_i4_dale_sergeant_pl|Dale Sergeants
trp_i5_dale_hearthman|Hearthman of Dale
trp_i5_dale_hearthman_pl|Hearthmen of Dale
trp_i3_dale_spearman|Dale Spearman
trp_i3_dale_spearman_pl|Dale Spearmen
trp_i4_dale_billman|Dale Billman
trp_i4_dale_billman_pl|Dale Billmen
trp_i5_dale_bill_master|Dale Bill Master
trp_i5_dale_bill_master_pl|Dale Bill Masters
trp_c2_rhovanion_retainer|Northmen Retainer
trp_c2_rhovanion_retainer_pl|Northmen Retainers
trp_c3_rhovanion_auxilia|Northmen Auxiliary
trp_c3_rhovanion_auxilia_pl|Northmen Auxilia
trp_c4_rhovanion_rider|Rhovanion Rider
trp_c4_rhovanion_rider_pl|Rhovanion Riders
trp_ac5_rhovanion_marchwarden|Rhovanion Marchwarden
trp_ac5_rhovanion_marchwarden_pl|Rhovanion Marchwardens
trp_i1_rhun_tribesman|Rhun Tribesman
trp_i1_rhun_tribesman_pl|Rhun Tribesmen
trp_ac2_rhun_horse_scout|Rhun Horse Scout
trp_ac2_rhun_horse_scout_pl|Rhun Horse Scouts
trp_ac3_rhun_horse_archer|Rhun Horse Archer
trp_ac3_rhun_horse_archer_pl|Rhun Horse Archers
trp_ac4_rhun_veteran_horse_archer|Rhun Veteran Horse Archer
trp_ac4_rhun_veteran_horse_archer_pl|Rhun Veteran Horse Archers
trp_ac5_rhun_balchoth_horse_archer|Balchoth Horse Archer
trp_ac5_rhun_balchoth_horse_archer_pl|Balchoth Horse Archers
trp_c3_rhun_swift_horseman|Rhun Swift Horseman
trp_c3_rhun_swift_horseman_pl|Rhun Swift Horsemen
trp_c4_rhun_veteran_swift_horseman|Rhun Veteran Swift Horseman
trp_c4_rhun_veteran_swift_horseman_pl|Rhun Veteran Swift Horsemen
trp_c5_rhun_falcon_horseman|Falcon Horseman
trp_c5_rhun_falcon_horseman_pl|Falcon Horsemen
trp_i2_rhun_tribal_warrior|Rhun Tribal Footman
trp_i2_rhun_tribal_warrior_pl|Rhun Tribal Footmen
trp_i3_rhun_tribal_infantry|Rhun Tribal Warrior
trp_i3_rhun_tribal_infantry_pl|Rhun Tribal Warriors
trp_i4_rhun_vet_infantry|Rhun Veteran Warrior
trp_i4_rhun_vet_infantry_pl|Rhun Veteran Warriors
trp_i5_rhun_ox_warrior|Warrior of the Ox
trp_i5_rhun_ox_warrior_pl|Warriors of the Ox
trp_c2_rhun_horseman|Horseman of Rhun
trp_c2_rhun_horseman_pl|Horsemen of Rhun
trp_c3_rhun_outrider|Outrider of Rhun
trp_c3_rhun_outrider_pl|Outriders of Rhun
trp_c4_rhun_noble_rider|Noble Rider of Rhun
trp_c4_rhun_noble_rider_pl|Noble Riders of Rhun
trp_c5_rhun_warrider|Warrider of Rhun
trp_c5_rhun_warrider_pl|Warriders of Rhun
trp_c6_rhun_warlord|Warlord of Rhun
trp_c6_rhun_warlord_pl|Warlords of Rhun
trp_i1_dwarf_apprentice|Apprentice-dwarf
trp_i1_dwarf_apprentice_pl|Apprentice-dwarves
trp_i2_dwarf_warrior|Warrior-dwarf
trp_i2_dwarf_warrior_pl|Warrior-dwarves
trp_i3_dwarf_hardened_warrior|Hardened Warrior-dwarf
trp_i3_dwarf_hardened_warrior_pl|Hardened Warrior-dwarves
trp_i4_dwarf_spearman|Spear-dwarf
trp_i4_dwarf_spearman_pl|Spear-dwarves
trp_i5_dwarf_pikeman|Pike-dwarf
trp_i5_dwarf_pikeman_pl|Pike-dwarves
trp_i6_dwarf_longpikeman|Longpike Dwarf
trp_i6_dwarf_longpikeman_pl|Longpike Dwarves
trp_i4_dwarf_axeman|Axedwarf
trp_i4_dwarf_axeman_pl|Axedwarves
trp_i5_dwarf_expert_axeman|Expert Axedwarf
trp_i5_dwarf_expert_axeman_pl|Expert Axedwarves
trp_i6_dwarf_longbeard_axeman|Longbeard Axedwarf
trp_i6_dwarf_longbeard_axeman_pl|Longbeard Axedwarves
trp_a2_dwarf_lookout|Lookout-dwarf
trp_a2_dwarf_lookout_pl|Lookout-dwarves
trp_a3_dwarf_scout|Scout-dwarf
trp_a3_dwarf_scout_pl|Scout-dwarves
trp_a4_dwarf_bowman|Bow-dwarf
trp_a4_dwarf_bowman_pl|Bow-dwarves
trp_i6_dwarf_longaxeman|Longaxe Dwarf
trp_i6_dwarf_longaxeman_pl|Longaxe Dwarves
trp_i3_iron_hills_warrior|Iron Hills Warrior
trp_i3_iron_hills_warrior_pl|Iron Hills Warriors
trp_i2_iron_hills_miner|Iron Hills Miner
trp_i2_iron_hills_miner_pl|Iron Hills Miners
trp_i4_iron_hills_infantry|Iron Hills Infantry
trp_i4_iron_hills_infantry_pl|Iron Hills Infantry
trp_i5_iron_hills_battle_dwarf|Iron Hills Battle-dwarf
trp_i5_iron_hills_battle_dwarf_pl|Iron Hills Battle-dwarves
trp_i6_iron_hills_grors_guard|Gror's Guard
trp_i6_iron_hills_grors_guard_pl|Gror's Guards
trp_i1_gon_levy|Gondor Levy
trp_i1_gon_levy_pl|Gondor Levies
trp_i2_gon_watchman|Gondor Watchman
trp_i2_gon_watchman_pl|Gondor Watchmen
trp_i3_gon_footman|Footman of Gondor
trp_i3_gon_footman_pl|Footmen of Gondor
trp_i4_gon_spearman|Spearman of Gondor
trp_i4_gon_spearman_pl|Spearmen of Gondor
trp_i5_gon_vet_spearman|Veteran Spearman of Gondor
trp_i5_gon_vet_spearman_pl|Veteran Spearmen of Gondor
trp_i6_gon_tower_spearman|Guard of the Fountain Court
trp_i6_gon_tower_spearman_pl|Guards of the Fountain Court
trp_i4_gon_swordsman|Swordsman of Gondor
trp_i4_gon_swordsman_pl|Swordsmen of Gondor
trp_i5_gon_vet_swordsman|Veteran Swordsman of Gondor
trp_i5_gon_vet_swordsman_pl|Veteran Swordsmen of Gondor
trp_i6_gon_tower_swordsman|Swordsman of the Tower Guard
trp_i6_gon_tower_swordsman_pl|Swordsmen of the Tower Guard
trp_c1_gon_nobleman|Gondor Noble
trp_c1_gon_nobleman_pl|Gondor Noble
trp_c2_gon_squire|Squire of Gondor
trp_c2_gon_squire_pl|Squires of Gondor
trp_c3_gon_vet_squire|Veteran Squire of Gondor
trp_c3_gon_vet_squire_pl|Veteran Squires of Gondor
trp_c4_gon_knight|Knight of Gondor
trp_c4_gon_knight_pl|Knights of Gondor
trp_c5_gon_vet_knight|Veteran Knight of Gondor
trp_c5_gon_vet_knight_pl|Veteran Knights of Gondor
trp_c6_gon_tower_knight|Knight of the Citadel
trp_c6_gon_tower_knight_pl|Knights of the Citadel
trp_a3_gon_bowman|Bowman of Gondor
trp_a3_gon_bowman_pl|Bowmen of Gondor
trp_a4_gon_archer|Archer of Gondor
trp_a4_gon_archer_pl|Archers of Gondor
trp_a5_gon_vet_archer|Veteran Archer of Gondor
trp_a5_gon_vet_archer_pl|Veteran Archers of Gondor
trp_a6_gon_tower_archer|Archer of the Tower Guard
trp_a6_gon_tower_archer_pl|Archers of the Tower Guard
trp_steward_guard|Steward's Guard
trp_steward_guard_pl|Steward's Guards
trp_a4_ithilien_ranger|Ranger of Ithilien
trp_a4_ithilien_ranger_pl|Rangers of Ithilien
trp_a5_ithilien_vet_ranger|Veteran Ranger of Ithilien
trp_a5_ithilien_vet_ranger_pl|Veteran Rangers of Ithilien
trp_a6_ithilien_master_ranger|Master Ranger of Ithilien
trp_a6_ithilien_master_ranger_pl|Master Rangers of Ithilien
trp_a6_ithilien_leader|Captain of Ithilien Rangers
trp_a6_ithilien_leader_pl|Captains of Ithilien Rangers
trp_i1_loss_woodsman|Woodsman of Lossarnach
trp_i1_loss_woodsman_pl|Woodsmen of Lossarnach
trp_i2_loss_axeman|Axeman of Lossarnach
trp_i2_loss_axeman_pl|Axemen of Lossarnach
trp_i3_loss_vet_axeman|Lossarnach Veteran Axeman
trp_i3_loss_vet_axeman_pl|Lossarnach Veteran Axemen
trp_i4_loss_heavy_axeman|Heavy Lossarnach Axeman
trp_i4_loss_heavy_axeman_pl|Heavy Lossarnach Axemen
trp_i5_loss_axemaster|Axemaster of Lossarnach
trp_i5_loss_axemaster_pl|Axemasters of Lossarnach
trp_i6_loss_leader|Captain of Lossarnach
trp_i6_loss_leader_pl|Captains of Lossarnach
trp_i1_pel_watchman|Pelargir Watchman
trp_i1_pel_watchman_pl|Pelargir Watchmen
trp_a2_pel_marine|Pelargir Marine
trp_a2_pel_marine_pl|Pelargir Marines
trp_a3_pel_vet_marine|Pelargir Veteran Marine
trp_a3_pel_vet_marine_pl|Pelargir Veteran Marines
trp_i2_pel_infantry|Pelargir Infantryman
trp_i2_pel_infantry_pl|Pelargir Infantrymen
trp_i3_pel_vet_infantry|Pelargir Veteran Infantryman
trp_i3_pel_vet_infantry_pl|Pelargir Veteran Infantrymen
trp_i6_pel_leader|Captain of Pelargir
trp_i6_pel_leader_pl|Captains of Pelargir
trp_a6_pel_marine_leader|Captain of Pelargir Marines
trp_a6_pel_marine_leader_pl|Captains of Pelargir Marine
trp_i1_lam_clansman|Clansman of Lamedon
trp_i1_lam_clansman_pl|Clansmen of Lamedon
trp_i2_lam_footman|Footman of Lamedon
trp_i2_lam_footman_pl|Footmen of Lamedon
trp_i3_lam_veteran|Veteran of Lamedon
trp_i3_lam_veteran_pl|Veterans of Lamedon
trp_i4_lam_warrior|Warrior of Lamedon
trp_i4_lam_warrior_pl|Warriors of Lamedon
trp_i5_lam_champion|Champion of Lamedon
trp_i5_lam_champion_pl|Champions of Lamedon
trp_c5_lam_knight|Knight of Lamedon
trp_c5_lam_knight_pl|Knights of Lamedon
trp_c6_lam_leader|Captain of Lamedon
trp_c6_lam_leader_pl|Captains of Lamedon
trp_i1_pinnath_plainsman|Plainsman of Pinnath Gelin
trp_i1_pinnath_plainsman_pl|Plainsmen of Pinnath Gelin
trp_c2_pinnath_rider|Rider of Pinnath Gelin
trp_c2_pinnath_rider_pl|Riders of Pinnath Gelin
trp_c3_pinnath_knight|Knight of Pinnath Gelin
trp_c3_pinnath_knight_pl|Knights of Pinnath Gelin
trp_a2_pinnath_bowman|Bowman of Pinnath Gelin
trp_a2_pinnath_bowman_pl|Bowmen of Pinnath Gelin
trp_a3_pinnath_archer|Archer of Pinnath Gelin
trp_a3_pinnath_archer_pl|Archers of Pinnath Gelin
trp_c6_pinnath_leader|Captain of Pinnath Gelin
trp_c6_pinnath_leader_pl|Captains of Pinnath Gelin
trp_a1_blackroot_hunter|Hunter of Blackroot Vale
trp_a1_blackroot_hunter_pl|Hunters of Blackroot Vale
trp_a2_blackroot_bowman|Bowman of Blackroot Vale
trp_a2_blackroot_bowman_pl|Bowmen of Blackroot Vale
trp_a3_blackroot_archer|Archer of Blackroot Vale
trp_a3_blackroot_archer_pl|Archers of Blackroot Vale
trp_i2_blackroot_footman|Footman of Blackroot Vale
trp_i2_blackroot_footman_pl|Footmen of Blackroot Vale
trp_i3_blackroot_spearman|Spearman of Blackroot Vale
trp_i3_blackroot_spearman_pl|Spearmen of Blackroot Vale
trp_a5_blackroot_shadow_hunter|Morthond Shadow Hunter
trp_a5_blackroot_shadow_hunter_pl|Morthond Shadow Hunters
trp_i1_amroth_recruit|Dol Amroth Recruit
trp_i1_amroth_recruit_pl|Dol Amroth Recruits
trp_c2_amroth_squire|Squire of Dol Amroth
trp_c2_amroth_squire_pl|Squires of Dol Amroth
trp_c3_amroth_vet_squire|Veteran Squire of Dol Amroth
trp_c3_amroth_vet_squire_pl|Veteran Squires of Dol Amroth
trp_c4_amroth_knight|Knight of Dol Amroth
trp_c4_amroth_knight_pl|Knights of Dol Amroth
trp_c5_amroth_vet_knight|Veteran Knight of Dol Amroth
trp_c5_amroth_vet_knight_pl|Veteran Knights of Dol Amroth
trp_c6_amroth_swan_knight|Swan Knight of Dol Amroth
trp_c6_amroth_swan_knight_pl|Swan Knights of Dol Amroth
trp_c6_amroth_leader|Captain of Dol Amroth
trp_c6_amroth_leader_pl|Captains of Dol Amroth
trp_a1_lorien_scout|Lothlorien Scout
trp_a1_lorien_scout_pl|Lothlorien Scouts
trp_a2_lorien_warden|Lothlorien Warden
trp_a2_lorien_warden_pl|Lothlorien Wardens
trp_a3_lorien_vet_warden|Lothlorien Veteran Warden
trp_a3_lorien_vet_warden_pl|Lothlorien Veteran Wardens
trp_a4_lorien_gal_warden|Galadhrim Warden
trp_a4_lorien_gal_warden_pl|Galadhrim Wardens
trp_a5_lorien_gal_royal_warden|Galadhrim Royal Warden
trp_a5_lorien_gal_royal_warden_pl|Galadhrim Royal Wardens
trp_a6_lorien_grey_warden|Grey Warden
trp_a6_lorien_grey_warden_pl|Grey Wardens
trp_galadhrim_royal_marksman|Galadhrim Royal Marksman
trp_galadhrim_royal_marksman_pl|Galadhrim Royal Marksmen
trp_noldorin_mounted_archer|Noldorin Mounted Archer
trp_noldorin_mounted_archer_pl|Noldorin Mounted Archers
trp_a2_lorien_archer|Lothlorien Archer
trp_a2_lorien_archer_pl|Lothlorien Archers
trp_a3_lorien_vet_archer|Lothlorien Veteran Archer
trp_a3_lorien_vet_archer_pl|Lothlorien Veteran Archers
trp_a4_lorien_gal_archer|Galadhrim Archer
trp_a4_lorien_gal_archer_pl|Galadhrim Archers
trp_a5_lorien_gal_royal_archer|Galadhrim Royal Marksman
trp_a5_lorien_gal_royal_archer_pl|Galadhrim Royal Marksmen
trp_i3_lorien_inf|Lothlorien Infantry
trp_i3_lorien_inf_pl|Lothlorien Infantry
trp_i4_lorien_gal_inf|Galadhrim Infantry
trp_i4_lorien_gal_inf_pl|Galadhrim Infantry
trp_i5_lorien_gal_royal_inf|Galadhrim Royal Guard
trp_i5_lorien_gal_royal_inf_pl|Galadhrim Royal Guards
trp_lothlorien_standard_bearer|Lothlorien Standard Bearer
trp_lothlorien_standard_bearer_pl|Lothlorien Standard Bearers
trp_a1_greenwood_scout|Greenwood Scout
trp_a1_greenwood_scout_pl|Greenwood Scouts
trp_a2_greenwood_veteran_scout|Greenwood Veteran Scout
trp_a2_greenwood_veteran_scout_pl|Greenwood Veteran Scouts
trp_a3_greenwood_archer|Greenwood Archer
trp_a3_greenwood_archer_pl|Greenwood Archers
trp_a4_greenwood_veteran_archer|Greenwood Veteran Archer
trp_a4_greenwood_veteran_archer_pl|Greenwood Veteran Archers
trp_a5_greenwood_master_archer|Greenwood Master Archer
trp_a5_greenwood_master_archer_pl|Greenwood Master Archers
trp_a6_greenwood_chosen_marksman|Thranduil's Chosen Marksman
trp_a6_greenwood_chosen_marksman_pl|Thranduil's Chosen Marksmen
trp_a3_greenwood_sentinel|Greenwood Sentinel
trp_a3_greenwood_sentinel_pl|Greenwood Sentinels
trp_a4_greenwood_vet_sentinel|Greenwood Veteran Sentinel
trp_a4_greenwood_vet_sentinel_pl|Greenwood Veteran Sentinels
trp_a5_greenwood_vigilant|Greenwood Guardian
trp_a5_greenwood_vigilant_pl|Greenwood Guardians
trp_i2_greenwood_infantry|Greenwood Infantry
trp_i2_greenwood_infantry_pl|Greenwood Infantry
trp_i3_greenwood_vet_infantry|Greenwood Veteran Infantry
trp_i3_greenwood_vet_infantry_pl|Greenwood Veteran Infantry
trp_i4_greenwood_elite_infantry|Greenwood Elite Infantry
trp_i4_greenwood_elite_infantry_pl|Greenwood Elite Infantry
trp_i5_greenwood_chosen_shieldmaster|Thranduil's Chosen Shield Master
trp_i5_greenwood_chosen_shieldmaster_pl|Thranduil's Chosen Shield Masters
trp_i5_greenwood_chosen_spearmaster|Thranduil's Chosen Spear Master
trp_i5_greenwood_chosen_spearmaster_pl|Thranduil's Chosen Spear Masters
trp_i5_greenwood_standard_bearer|Greenwood Standard Bearer
trp_i5_greenwood_standard_bearer_pl|Greenwood Standard Bearers
trp_a1_riv_scout|Rivendell Scout
trp_a1_riv_scout_pl|Rivendell Scouts
trp_a2_riv_vet_scout|Rivendell Veteran Scout
trp_a2_riv_vet_scout_pl|Rivendell Veteran Scouts
trp_a3_riv_archer|Rivendell Archer
trp_a3_riv_archer_pl|Rivendell Archers
trp_a4_riv_vet_archer|Rivendell Veteran Archer
trp_a4_riv_vet_archer_pl|Rivendell Veteran Archers
trp_a5_riv_master_archer|Rivendell Master Archer
trp_a5_riv_master_archer_pl|Rivendell Master Archers
trp_a6_riv_guardian|Guardian of Imladris
trp_a6_riv_guardian_pl|Guardians of Imladris
trp_i3_riv_swordbearer|Rivendell Swordbearer
trp_i3_riv_swordbearer_pl|Rivendell Swordbearers
trp_i4_riv_vet_swordbearer|Rivendell Veteran Swordbearer
trp_i4_riv_vet_swordbearer_pl|Rivendell Veteran Swordbearers
trp_i5_riv_swordmaster|Rivendell Swordmaster
trp_i5_riv_swordmaster_pl|Rivendell Swordmasters
trp_i6_riv_champion|Champion of Imladris
trp_i6_riv_champion_pl|Champions of Imladris
trp_ac5_riv_rider|Rivendell Rider
trp_ac5_riv_rider_pl|Rivendell Riders
trp_ac6_riv_knight|Knight of Imladris
trp_ac6_riv_knight_pl|Knights of Imladris
trp_i6_rivendell_standard_bearer|Rivendell Standard Bearer
trp_i6_rivendell_standard_bearer_pl|Rivendell Standard Bearers
trp_a1_arnor_scout|Dunedain Scout
trp_a1_arnor_scout_pl|Dunedain Scouts
trp_a2_arnor_vet_scout|Dunedain Tracker
trp_a2_arnor_vet_scout_pl|Dunedain Trackers
trp_i3_arnor_swordsman|Dunedain Swordsman
trp_i3_arnor_swordsman_pl|Dunedain Swordsmen
trp_i4_arnor_vet_swordsman|Dunedain Veteran Swordsman
trp_i4_arnor_vet_swordsman_pl|Dunedain Veteran Swordsmen
trp_i5_arnor_champion|Champion of Arnor
trp_i5_arnor_champion_pl|Champions of Arnor
trp_c4_arnor_horseman|Dunedain Horseman
trp_c4_arnor_horseman_pl|Dunedain Horsemen
trp_c5_arnor_knight|Knight of Arnor
trp_c5_arnor_knight_pl|Knights of Arnor
trp_a3_arnor_ranger|Dunedain Ranger
trp_a3_arnor_ranger_pl|Dunedain Rangers
trp_a4_arnor_vet_ranger|Dunedain Veteran Ranger
trp_a4_arnor_vet_ranger_pl|Dunedain Veteran Rangers
trp_a5_arnor_master_ranger|Master Ranger of Arnor
trp_a5_arnor_master_ranger_pl|Master Rangers of Arnor
trp_i1_rohan_youth|Rohan Youth
trp_i1_rohan_youth_pl|Rohan Youths
trp_i2_guardsman_of_rohan|Guardsman of Rohan
trp_i2_guardsman_of_rohan_pl|Guardsmen of Rohan
trp_i3_footman_of_rohan|Footman of Rohan
trp_i3_footman_of_rohan_pl|Footmen of Rohan
trp_i4_veteran_footman_of_rohan|Veteran Footman of Rohan
trp_i4_veteran_footman_of_rohan_pl|Veteran Footmen of Rohan
trp_i5_elite_footman_of_rohan|Elite Footman of Rohan
trp_i5_elite_footman_of_rohan_pl|Elite Footmen of Rohan
trp_i6_footman_guard_of_rohan|Folcwine Guard of Rohan
trp_i6_footman_guard_of_rohan_pl|Folcwine Guards of Rohan
trp_i6_frealaf_raider|Frealaf Raider
trp_i6_frealaf_raider_pl|Frealaf Raiders
trp_i5_raider_of_rohan|Raider of Rohan
trp_i5_raider_of_rohan_pl|Raiders of Rohan
trp_i6_warden_of_methuseld|Warden of Meduseld
trp_i6_warden_of_methuseld_pl|Wardens of Meduseld
trp_ac3_skirmisher_of_rohan|Skirmisher of Rohan
trp_ac3_skirmisher_of_rohan_pl|Skirmishers of Rohan
trp_ac4_veteran_skirmisher_of_rohan|Veteran Skirmisher of Rohan
trp_ac4_veteran_skirmisher_of_rohan_pl|Veteran Skirmishers of Rohan
trp_ac5_elite_skirmisher_of_rohan|Elite Skirmisher of Rohan
trp_ac5_elite_skirmisher_of_rohan_pl|Elite Skirmishers of Rohan
trp_ac6_skirmisher_guard_of_rohan|Thengel Guard of Rohan
trp_ac6_skirmisher_guard_of_rohan_pl|Thengel Guards of Rohan
trp_c4_lancer_of_rohan|Lancer of Rohan
trp_c4_lancer_of_rohan_pl|Lancers of Rohan
trp_c5_elite_lancer_of_rohan|Elite Lancer of Rohan
trp_c5_elite_lancer_of_rohan_pl|Elite Lancers of Rohan
trp_c6_lancer_guard_of_rohan|Brego Guard of Rohan
trp_c6_lancer_guard_of_rohan_pl|Brego Guards of Rohan
trp_c6_king_s_man_of_rohan|King's Guard
trp_c6_king_s_man_of_rohan_pl|King's Guards
trp_c2_squire_of_rohan|Squire of Rohan
trp_c2_squire_of_rohan_pl|Squires of Rohan
trp_c3_rider_of_rohan|Rider of Rohan
trp_c3_rider_of_rohan_pl|Riders of Rohan
trp_c4_veteran_rider_of_rohan|Veteran Rider of Rohan
trp_c4_veteran_rider_of_rohan_pl|Veteran Riders of Rohan
trp_c5_elite_rider_of_rohan|Elite Rider of Rohan
trp_c5_elite_rider_of_rohan_pl|Elite Riders of Rohan
trp_c6_rider_guard_of_rohan|Eorl Guard of Rohan
trp_c6_rider_guard_of_rohan_pl|Eorl Guards of Rohan
trp_i6_2h_guard_of_rohan|Helm Guard of Rohan
trp_i6_2h_guard_of_rohan_pl|Helm Guards of Rohan
trp_ac3_dism_skirmisher_of_rohan2|Skirmisher of Rohan
trp_ac3_dism_skirmisher_of_rohan2_pl|Skirmishers of Rohan
trp_ac4_dism_veteran_skirmisher_of_rohan2|Veteran Skirmisher of Rohan
trp_ac4_dism_veteran_skirmisher_of_rohan2_pl|Veteran Skirmishers of Rohan
trp_ac5_dism_elite_skirmisher_of_rohan2|Elite Skirmisher of Rohan
trp_ac5_dism_elite_skirmisher_of_rohan2_pl|Elite Skirmishers of Rohan
trp_i1_harad_levy|Harad Levy
trp_i1_harad_levy_pl|Harad Levies
trp_i3_harad_infantry|Harad Light Footman
trp_i3_harad_infantry_pl|Harad Light Footmen
trp_i4_harad_spearman|Harad Spearman
trp_i4_harad_spearman_pl|Harad Spearmen
trp_i5_harad_tiger_guard|Tiger Guard
trp_i5_harad_tiger_guard_pl|Tiger Guards
trp_i4_harad_swordsman|Harad Swordsman
trp_i4_harad_swordsman_pl|Harad Swordsmen
trp_i5_harad_lion_guard|Lion Guard
trp_i5_harad_lion_guard_pl|Lion Guards
trp_a3_harad_hunter|Harad Hunter
trp_a3_harad_hunter_pl|Harad Hunters
trp_a4_harad_archer|Harad Archer
trp_a4_harad_archer_pl|Harad Archers
trp_a5_harad_eagle_guard|Eagle Guard
trp_a5_harad_eagle_guard_pl|Eagle Guards
trp_c2_harondor_scout|Harondor Scout
trp_c2_harondor_scout_pl|Harondor Scouts
trp_c3_harondor_rider|Harondor Rider
trp_c3_harondor_rider_pl|Harondor Riders
trp_c4_harondor_light_cavalry|Harondor Light Rider
trp_c4_harondor_light_cavalry_pl|Harondor Light Riders
trp_c5_harondor_serpent_knight|Gold Serpent Knight
trp_c5_harondor_serpent_knight_pl|Gold Serpent Knights
trp_ac3_harondor_skirmisher|Harondor Skirmisher
trp_ac3_harondor_skirmisher_pl|Harondor Skirmishers
trp_ac4_harondor_horse_archer|Harondor Horse Archer
trp_ac4_harondor_horse_archer_pl|Harondor Horse Archers
trp_ac5_harondor_black_snake|Black Snake Horse Archer
trp_ac5_harondor_black_snake_pl|Black Snake Horse Archers
trp_i2_far_harad_tribesman|Far Harad Tribesman
trp_i2_far_harad_tribesman_pl|Far Harad Tribesmen
trp_i4_far_harad_champion|Far Harad Champion
trp_i4_far_harad_champion_pl|Far Harad Champions
trp_i5_far_harad_panther_guard|Panther Guard
trp_i5_far_harad_panther_guard_pl|Panther Guards
trp_i1_dun_wildman|Dunnish Wildman
trp_i1_dun_wildman_pl|Dunnish Wildmen
trp_i2_dun_warrior|Dunnish Warrior
trp_i2_dun_warrior_pl|Dunnish Warriors
trp_i3_dun_pikeman|Dunnish Pikeman
trp_i3_dun_pikeman_pl|Dunnish Pikemen
trp_i4_dun_vet_pikeman|Dunnish Veteran Pikeman
trp_i4_dun_vet_pikeman_pl|Dunnish Veteran Pikemen
trp_ac4_dun_crebain_rider|Dunnish Crebain Rider
trp_ac4_dun_crebain_rider_pl|Dunnish Crebain Riders
trp_i3_dun_vet_warrior|Dunnish Veteran Warrior
trp_i3_dun_vet_warrior_pl|Dunnish Veteran Warriors
trp_i4_dun_wolf_warrior|Dunnish Wolf Warrior
trp_i4_dun_wolf_warrior_pl|Dunnish Wolf Warriors
trp_i5_dun_wolf_guard|Dunnish Wolf Guard
trp_i5_dun_wolf_guard_pl|Dunnish Wolf Guards
trp_ac5_dun_raven_rider|Dunnish Night Raven
trp_ac5_dun_raven_rider_pl|Dunnish Night Ravens
trp_i1_khand_bondsman|Khand Bondsman
trp_i1_khand_bondsman_pl|Khand Bondsmen
trp_i2_khand_pit_dog|Khand Pit Dog
trp_i2_khand_pit_dog_pl|Khand Pit Dogs
trp_i3_khand_warrior|Khand Warrior
trp_i3_khand_warrior_pl|Khand Warriors
trp_i4_khand_vet_warrior|Khand Veteran Warrior
trp_i4_khand_vet_warrior_pl|Khand Veteran Warriors
trp_i5_khand_war_master|Variag War Master
trp_i5_khand_war_master_pl|Variag War Masters
trp_c2_khand_pony_rider|Khand Pony Rider
trp_c2_khand_pony_rider_pl|Khand Pony Riders
trp_c3_khand_horseman|Khand Horseman
trp_c3_khand_horseman_pl|Khand Horsemen
trp_c4_khand_heavy_horseman|Khand Heavy Horseman
trp_c4_khand_heavy_horseman_pl|Khand Heavy Horsemen
trp_c5_khand_kataphrakt|Variag Ironclad
trp_c5_khand_kataphrakt_pl|Variag Ironclads
trp_c5_khand_lance_kataphrakt|Variag Lancer
trp_c5_khand_lance_kataphrakt_pl|Variag Lancers
trp_i4_khand_halberdier|Khand Glaiveman
trp_i4_khand_halberdier_pl|Khand Glaivemen
trp_i5_khand_halberd_master|Variag Halberd Master
trp_i5_khand_halberd_master_pl|Variag Halberd Masters
trp_i3_khand_pitfighter|Khand Pit Fighter
trp_i3_khand_pitfighter_pl|Khand Pit Fighters
trp_i4_khand_pit_champion|Khand Pit Champion
trp_i4_khand_pit_champion_pl|Khand Pit Champions
trp_i5_khand_pit_master|Variag Master of the Pits
trp_i5_khand_pit_master_pl|Variag Masters of the Pits
trp_ac3_khand_skirmisher|Khand Skirmisher
trp_ac3_khand_skirmisher_pl|Khand Skirmishers
trp_ac4_khand_vet_skirmisher|Khand Veteran Skirmisher
trp_ac4_khand_vet_skirmisher_pl|Khand Veteran Skirmishers
trp_ac5_khand_heavy_skirmisher|Variag Heavy Skirmisher
trp_ac5_khand_heavy_skirmisher_pl|Variag Heavy Skirmishers
trp_i1_corsair_youth|Umbar Sailor
trp_i1_corsair_youth_pl|Umbar Sailors
trp_i2_corsair_warrior|Umbar Warrior
trp_i2_corsair_warrior_pl|Umbar Warriors
trp_i3_corsair_spearman|Spearman of Umbar
trp_i3_corsair_spearman_pl|Spearmen of Umbar
trp_i4_corsair_raider|Corsair Raider
trp_i4_corsair_raider_pl|Corsair Raiders
trp_i5_corsair_night_raider|Corsair Night Raider
trp_i5_corsair_night_raider_pl|Corsair Night Raiders
trp_a2_corsair_marine|Umbar Marine
trp_a2_corsair_marine_pl|Umbar Marines
trp_a3_corsair_marksman|Marksman of Umbar
trp_a3_corsair_marksman_pl|Marksmen of Umbar
trp_a4_corsair_veteran_marksman|Veteran Marksman of Umbar
trp_a4_corsair_veteran_marksman_pl|Veteran Marksmen of Umbar
trp_a5_corsair_master_marksman|Corsair Master Marksman
trp_a5_corsair_master_marksman_pl|Corsair Master Marksmen
trp_i3_corsair_swordsman|Swordsman of Umbar
trp_i3_corsair_swordsman_pl|Swordsmen of Umbar
trp_i4_corsair_veteran_swordsman|Veteran Swordsman of Umbar
trp_i4_corsair_veteran_swordsman_pl|Veteran Swordsmen of Umbar
trp_i5_corsair_master_swordsman|Corsair Swordmaster
trp_i5_corsair_master_swordsman_pl|Corsair Swordmasters
trp_a4_corsair_assassin|Corsair Assassin
trp_a4_corsair_assassin_pl|Corsair Assassins
trp_a5_corsair_master_assassin|Corsair Assassin
trp_a5_corsair_master_assassin_pl|Corsair Assassins
trp_i4_corsair_veteran_spearman|Veteran Spearman of Umbar
trp_i4_corsair_veteran_spearman_pl|Veteran Spearmen of Umbar
trp_i5_corsair_master_spearman|Spearmaster of Umbar
trp_i5_corsair_master_spearman_pl|Spearmasters of Umbar
trp_i5_corsair_master_pikeman|Pikemaster of Umbar
trp_i5_corsair_master_pikeman_pl|Pikemasters of Umbar
trp_i1_isen_orc_snaga|Orc Snaga of Isengard
trp_i1_isen_orc_snaga_pl|Orc Snagas of Isengard
trp_i2_isen_orc|Orc of Isengard
trp_i2_isen_orc_pl|Orcs of Isengard
trp_i3_isen_large_orc|Large Orc of Isengard
trp_i3_isen_large_orc_pl|Large Orcs of Isengard
trp_i4_isen_fell_orc|Fell Orc of Isengard
trp_i4_isen_fell_orc_pl|Fell Orcs of Isengard
trp_i3_isen_large_orc_despoiler|Large Orc Despoiler
trp_i3_isen_large_orc_despoiler_pl|Large Orc Despoilers
trp_i4_isen_fell_orc_despoiler|Fell Orc Despoiler
trp_i4_isen_fell_orc_despoiler_pl|Fell Orc Despoilers
trp_ac2_isen_wolf_rider|Wolf Rider of Isengard
trp_ac2_isen_wolf_rider_pl|Wolf Riders of Isengard
trp_ac3_isen_warg_rider|Warg Rider of Isengard
trp_ac3_isen_warg_rider_pl|Warg Riders of Isengard
trp_ac4_isen_white_hand_rider|White Hand Rider
trp_ac4_isen_white_hand_rider_pl|White Hand Riders
trp_warg_ghost_1b|Warg
trp_warg_ghost_1b_pl|Wargs
trp_warg_ghost_1c|Warg
trp_warg_ghost_1c_pl|Wargs
trp_warg_ghost_1d|Warg
trp_warg_ghost_1d_pl|Wargs
trp_warg_ghost_a1b|Warg
trp_warg_ghost_a1b_pl|Wargs
trp_warg_ghost_a1c|Armored Warg
trp_warg_ghost_a1c_pl|Armored Wargs
trp_warg_ghost_a2b|Armored Warg
trp_warg_ghost_a2b_pl|Armored Wargs
trp_warg_ghost_a2c|Armored Warg
trp_warg_ghost_a2c_pl|Armored Wargs
trp_warg_ghost_a3a|Armored Warg
trp_warg_ghost_a3a_pl|Armored Wargs
trp_warg_ghost_h|Huge Warg
trp_warg_ghost_h_pl|Huge Wargs
trp_a2_isen_uruk_tracker|Uruk Hai Tracker
trp_a2_isen_uruk_tracker_pl|Uruk Hai Trackers
trp_a3_isen_large_uruk_tracker|Large Uruk Hai Tracker
trp_a3_isen_large_uruk_tracker_pl|Large Uruk Hai Trackers
trp_a4_isen_fighting_uruk_tracker|Fighting Uruk Hai Tracker
trp_a4_isen_fighting_uruk_tracker_pl|Fighting Uruk Hai Trackers
trp_i6_isen_uruk_berserker|Fighting Uruk Hai Berserker
trp_i6_isen_uruk_berserker_pl|Fighting Uruk Hai Berserkers
trp_i1_isen_uruk_snaga|Uruk Hai Newborn
trp_i1_isen_uruk_snaga_pl|Uruk Hai Newborns
trp_i2_isen_uruk|Uruk Hai of Isengard
trp_i2_isen_uruk_pl|Uruk Hai of Isengard
trp_i3_isen_large_uruk|Large Uruk Hai of Isengard
trp_i3_isen_large_uruk_pl|Large Uruk Hai of Isengard
trp_i4_isen_fighting_uruk_warrior|Fighting Uruk Hai Warrior
trp_i4_isen_fighting_uruk_warrior_pl|Fighting Uruk Hai Warriors
trp_i5_isen_fighting_uruk_champion|Fighting Uruk Hai Champion
trp_i5_isen_fighting_uruk_champion_pl|Fighting Uruk Hai Champions
trp_i3_isen_uruk_pikeman|Uruk Hai Pikeman
trp_i3_isen_uruk_pikeman_pl|Uruk Hai Pikemen
trp_i4_isen_fighting_uruk_pikeman|Fighting Uruk Hai Pikeman
trp_i4_isen_fighting_uruk_pikeman_pl|Fighting Uruk Hai Pikemen
trp_i5_isen_uruk_standard_bearer|Uruk Hai Standard Bearer
trp_i5_isen_uruk_standard_bearer_pl|Uruk Hai Standard Bearers
trp_i1_mordor_uruk_snaga|Uruk Snaga of Mordor
trp_i1_mordor_uruk_snaga_pl|Uruk Snagas of Mordor
trp_i2_mordor_uruk|Uruk of Mordor
trp_i2_mordor_uruk_pl|Uruks of Mordor
trp_i3_mordor_large_uruk|Large Uruk of Mordor
trp_i3_mordor_large_uruk_pl|Large Uruks of Mordor
trp_i4_mordor_fell_uruk|Fell Uruk of Mordor
trp_i4_mordor_fell_uruk_pl|Fell Uruks of Mordor
trp_i3_mordor_uruk_slayer|Uruk Slayer of Mordor
trp_i3_mordor_uruk_slayer_pl|Uruk Slayers of Mordor
trp_i4_mordor_fell_uruk_slayer|Fell Uruk Slayer of Mordor
trp_i4_mordor_fell_uruk_slayer_pl|Fell Uruk Slayers of Mordor
trp_i5_mordor_black_uruk|Black Uruk of Barad Dur
trp_i5_mordor_black_uruk_pl|Black Uruks of Barad Dur
trp_i5_mordor_uruk_standard_bearer|Mordor Standard Bearer
trp_i5_mordor_uruk_standard_bearer_pl|Mordor Standard Bearers
trp_troll_of_moria|Cave Troll
trp_troll_of_moria_pl|Cave Trolls
trp_armoured_troll|Armored Troll
trp_armoured_troll_pl|Armored Trolls
trp_olog_hai|Olog Hai of Mordor
trp_olog_hai_pl|Olog Hai of Mordor
trp_ent_old|Ent
trp_ent_old_pl|Ents
trp_i1_guldur_orc_snaga|Orc Snaga of Dol Guldur
trp_i1_guldur_orc_snaga_pl|Orc Snagas of Dol Guldur
trp_a2_guldur_orc_tracker|Orc Tracker of Dol Guldur
trp_a2_guldur_orc_tracker_pl|Orc Trackers of Dol Guldur
trp_i1_mordor_orc_snaga|Orc Snaga of Mordor
trp_i1_mordor_orc_snaga_pl|Orc Snagas of Mordor
trp_i2_mordor_orc|Orc of Mordor
trp_i2_mordor_orc_pl|Orcs of Mordor
trp_i3_mordor_large_orc|Large Orc of Mordor
trp_i3_mordor_large_orc_pl|Large Orcs of Mordor
trp_i4_mordor_fell_orc|Fell Orc of Mordor
trp_i4_mordor_fell_orc_pl|Fell Orcs of Mordor
trp_c3_mordor_warg_rider|Warg Rider of Gorgoroth
trp_c3_mordor_warg_rider_pl|Warg Riders of Gorgoroth
trp_c4_mordor_great_warg_rider|Great Warg Rider of Udun
trp_c4_mordor_great_warg_rider_pl|Great Warg Riders of Udun
trp_i2_mordor_morgul_orc|Orc of Minas Morgul
trp_i2_mordor_morgul_orc_pl|Orcs of Minas Morgul
trp_i4_mordor_fell_morgul_orc|Fell Orc of Minas Morgul
trp_i4_mordor_fell_morgul_orc_pl|Fell Orcs of Minas Morgul
trp_a3_guldur_large_orc_tracker|Large Orc Tracker of Dol Guldur
trp_a3_guldur_large_orc_tracker_pl|Large Orc Trackers of Dol Guldur
trp_a4_guldur_fell_orc_tracker|Fell Orc Tracker of Dol Guldur
trp_a4_guldur_fell_orc_tracker_pl|Fell Orc Trackers of Dol Guldur
trp_a2_mordor_orc_archer|Orc Archer of Mordor
trp_a2_mordor_orc_archer_pl|Orc Archers of Mordor
trp_a3_mordor_large_orc_archer|Large Orc Archer of Mordor
trp_a3_mordor_large_orc_archer_pl|Large Orc Archers of Mordor
trp_a4_mordor_fell_orc_archer|Fell Orc Archer of Mordor
trp_a4_mordor_fell_orc_archer_pl|Fell Orc Archers of Mordor
trp_c3_moria_wolf_rider|Wolf Rider of Moria
trp_c3_moria_wolf_rider_pl|Wolf Riders of Moria
trp_c4_moria_warg_rider|Warg Rider of Moria
trp_c4_moria_warg_rider_pl|Warg Riders of Moria
trp_c5_moria_clan_rider|Bolg Clan Rider
trp_c5_moria_clan_rider_pl|Bolg Clan Riders
trp_i1_moria_snaga|Snaga of Moria
trp_i1_moria_snaga_pl|Snagas of Moria
trp_i2_moria_goblin|Goblin of Moria
trp_i2_moria_goblin_pl|Goblins of Moria
trp_i3_moria_large_goblin|Large Goblin of Moria
trp_i3_moria_large_goblin_pl|Large Goblins of Moria
trp_i4_moria_fell_goblin|Fell Goblin of Moria
trp_i4_moria_fell_goblin_pl|Fell Goblins of Moria
trp_a2_moria_goblin_archer|Goblin Archer of Moria
trp_a2_moria_goblin_archer_pl|Goblin Archers of Moria
trp_a3_moria_large_goblin_archer|Large Goblin Archer of Moria
trp_a3_moria_large_goblin_archer_pl|Large Goblin Archers of Moria
trp_a4_moria_fell_goblin_archer|Fell Goblin Archer of Moria
trp_a4_moria_fell_goblin_archer_pl|Fell Goblin Archers of Moria
trp_i1_gunda_goblin|Gundabad Goblin
trp_i1_gunda_goblin_pl|Gundabad Goblins
trp_i2_gunda_orc|Gundabad Orc
trp_i2_gunda_orc_pl|Gundabad Orcs
trp_i3_gunda_orc_fighter|Gundabad Orc Fighter
trp_i3_gunda_orc_fighter_pl|Gundabad Orc Fighters
trp_i4_gunda_orc_warrior|Gundabad Orc Warrior
trp_i4_gunda_orc_warrior_pl|Gundabad Orc Warriors
trp_i4_gunda_orc_berserker|Gundabad Orc Berserker
trp_i4_gunda_orc_berserker_pl|Gundabad Orc Berserkers
trp_ca4_gunda_skirmisher|Gundabad Skirmisher
trp_ca4_gunda_skirmisher_pl|Gundabad Skirmishers
trp_ca5_gunda_clan_skirmisher|Goblin North Clan Skirmisher
trp_ca5_gunda_clan_skirmisher_pl|Goblin North Clan Skirmishers
trp_c3_gunda_goblin_rider|Gundabad Goblin Rider
trp_c3_gunda_goblin_rider_pl|Gundabad Goblin Riders
trp_c4_gunda_warg_rider|Gundabad Warg Rider
trp_c4_gunda_warg_rider_pl|Gundabad Warg Riders
trp_c5_gunda_clan_rider|Goblin North Clan Rider
trp_c5_gunda_clan_rider_pl|Goblin North Clan Riders
trp_i5_gunda_orc_champion|Gundabad Orc Champion
trp_i5_gunda_orc_champion_pl|Gundabad Orc Champions
trp_mountain_goblin2|Mountain Goblin
trp_mountain_goblin2_pl|Mountain Goblins
trp_tribal_orc2|Tribal Orc
trp_tribal_orc2_pl|Tribal Orcs
trp_i5_gunda_orc_champion2|Gundabad Orc Champion
trp_i5_gunda_orc_champion2_pl|Gundabad Orc Champions
trp_i2_mordor_num_renegade|Black Numenorean Renegade
trp_i2_mordor_num_renegade_pl|Black Numenorean Renegades
trp_i3_mordor_num_warrior|Black Numenorean Warrior
trp_i3_mordor_num_warrior_pl|Black Numenorean Warriors
trp_i4_mordor_num_vet_warrior|Black Numenorean Veteran Warrior
trp_i4_mordor_num_vet_warrior_pl|Black Numenorean Veteran Warriors
trp_i5_mordor_num_champion|Black Numenorean Champion
trp_i5_mordor_num_champion_pl|Black Numenorean Champions
trp_i5_mordor_num_assassin|Black Numenorean Assassin
trp_i5_mordor_num_assassin_pl|Black Numenorean Assassins
trp_c4_mordor_num_horseman|Black Numenorean Horseman
trp_c4_mordor_num_horseman_pl|Black Numenorean Horsemen
trp_c5_mordor_num_knight|Black Numenorean Horsemaster
trp_c5_mordor_num_knight_pl|Black Numenorean Horsemasters
trp_noldorin_commander|Noldorin Commander
trp_noldorin_commander_pl|Noldorin Commanders
trp_elf_captain_of_lothlorien|Elf Captain of Lothlorien
trp_elf_captain_of_lothlorien_pl|Elf Captains of Lothlorien
trp_lothlorien_lieutenant|Lothlorien Lieutenant
trp_lothlorien_lieutenant_pl|Lothlorien Lieutenants
trp_elf_captain_of_mirkwood|Elf Captain of Greenwood
trp_elf_captain_of_mirkwood_pl|Elf Captains of Greenwood
trp_mirkwood_lieutenant|Greenwood Lieutenant
trp_mirkwood_lieutenant_pl|Greenwood Lieutenants
trp_elf_captain_of_rivendell|Elf Captain of Rivendell
trp_elf_captain_of_rivendell_pl|Elf Captains of Rivendell
trp_rivendell_lieutenant|Rivendell Lieutenant
trp_rivendell_lieutenant_pl|Rivendell Lieutenants
trp_lieutenant_of_rohan|Lieutenant of Rohan
trp_lieutenant_of_rohan_pl|Lieutenants of Rohan
trp_captain_of_rohan|Captain of Rohan
trp_captain_of_rohan_pl|Captains of Rohan
trp_high_captain_of_rohan|High Captain of Rohan
trp_high_captain_of_rohan_pl|High Captains of Rohan
trp_lieutenant_of_isengard|Lieutenant of Isengard
trp_lieutenant_of_isengard_pl|Lieutenants of Isengard
trp_captain_of_isengard|Captain of Isengard
trp_captain_of_isengard_pl|Captains of Isengard
trp_high_captain_of_isengard|High Captain of Isengard
trp_high_captain_of_isengard_pl|High Captains of Isengard
trp_lieutenant_of_mordor|Lieutenant of Mordor
trp_lieutenant_of_mordor_pl|Lieutenants of Mordor
trp_captain_of_mordor|Captain of Mordor
trp_captain_of_mordor_pl|Captains of Mordor
trp_high_captain_of_mordor|High Captain of Mordor
trp_high_captain_of_mordor_pl|High Captains of Mordor
trp_easterling_chieftain|Variag Chieftain
trp_easterling_chieftain_pl|Variag Chieftains
trp_easterling_lieutenant|Variag War Priest
trp_easterling_lieutenant_pl|Variag War Priests
trp_harad_chieftain|Harad Chieftain
trp_harad_chieftain_pl|Harad Chieftains
trp_harad_lieutenant|Harad Lieutenant
trp_harad_lieutenant_pl|Harad Lieutenants
trp_black_numenorean_captain|Black Numenorean Captain
trp_black_numenorean_captain_pl|Black Numenorean Captains
trp_black_numenorean_lieutenant|Black Numenorean Lieutenant
trp_black_numenorean_lieutenant_pl|Black Numenorean Lieutenants
trp_a5_dun_night_wolf|Dunnish Night Wolf
trp_a5_dun_night_wolf_pl|Dunnish Night Wolfs
trp_dunnish_lieutenant|Dunnish Hetman
trp_dunnish_lieutenant_pl|Dunnish Hetmen
trp_goblin_chieftain|Goblin Chieftain
trp_goblin_chieftain_pl|Goblin Chieftains
trp_captain_of_gondor|Captain of Gondor
trp_captain_of_gondor_pl|Captains of Gondor
trp_nobleman|Nobleman
trp_nobleman_pl|Noblemen
trp_gondor_agent|Gondor Agent
trp_gondor_agent_pl|Gondor Agents
trp_rohan_agent|Rohan Agent
trp_rohan_agent_pl|Rohan Agents
trp_mordor_agent|Mordor Agent
trp_mordor_agent_pl|Mordor Agents
trp_isengard_agent|Isengard Agent
trp_isengard_agent_pl|Isengard Agents
trp_looter|Looter
trp_looter_pl|Looters
trp_bandit|Bandit
trp_bandit_pl|Bandits
trp_brigand|Brigand
trp_brigand_pl|Brigands
trp_mountain_bandit|Mountain Bandit
trp_mountain_bandit_pl|Mountain Bandits
trp_forest_bandit|Forest Bandit
trp_forest_bandit_pl|Forest Bandits
trp_sea_raider|Sea Raider
trp_sea_raider_pl|Sea Raiders
trp_steppe_bandit|Steppe Bandit
trp_steppe_bandit_pl|Steppe Bandits
trp_manhunter|Manhunter
trp_manhunter_pl|Manhunters
trp_kidnapped_girl|Kidnapped Girl
trp_kidnapped_girl_pl|Kidnapped Girls
trp_refugee|Refugee
trp_refugee_pl|Refugees
trp_peasant_woman|Peasant Woman
trp_peasant_woman_pl|Peasant Women
trp_caravan_master|Caravan Master
trp_caravan_master_pl|Caravan Masters
trp_caravan_guard|Caravan Guard
trp_caravan_guard_pl|Caravan Guards
trp_messenger_man|Messenger
trp_messenger_man_pl|Messengers
trp_messenger_elf|Messenger
trp_messenger_elf_pl|Messengers
trp_messenger_dwarf|Messenger
trp_messenger_dwarf_pl|Messengers
trp_messenger_orc|Messenger
trp_messenger_orc_pl|Messengers
trp_messenger_evil_man|Messenger
trp_messenger_evil_man_pl|Messengers
trp_town_walker_1|Townsman
trp_town_walker_1_pl|Townsmen
trp_town_walker_2|Townswoman
trp_town_walker_2_pl|Townswomen
trp_village_walker_1|Villager
trp_village_walker_1_pl|Villagers
trp_village_walker_2|Villager
trp_village_walker_2_pl|Villagers
trp_spy_walker_1|Townsman
trp_spy_walker_1_pl|Townsmen
trp_spy_walker_2|Townswoman
trp_spy_walker_2_pl|Townswomen
trp_walker_man_gondor_black|Townsman
trp_walker_man_gondor_white|Townsman
trp_walker_man_gondor_blue|Townsman
trp_walker_man_gondor_green|Townsman
trp_walker_man_rohan_t|Rohan Townsman
trp_walker_man_rohan_d|Rohan Townsman
trp_walker_woman_rohan_t|Rohan Maiden
trp_walker_woman_rohan_d|Rohan Maiden
trp_walker_woman_gondor_b|Gondor Woman
trp_walker_woman_gondor_bw|Gondor Woman
trp_walker_woman_gondor_w|Gondor Noble
trp_mirkwood_walker_1|Greenwood Elf
trp_mirkwood_walker_2|Greenwood Elf
trp_lorien_walker_1|Lothlorien Elf
trp_lorien_walker_2|Lothlorien Elf
trp_dwarf_walker|Dwarf
trp_beorn_walker|Peasant Man
trp_beorn_walker_fem|Peasant Woman
trp_trainer_4|Trainer
trp_trainer_gondor|Trainer
trp_trainer_rohan|Trainer
trp_trainer_dale|Trainer
trp_trainer_elf|Trainer
trp_trainer_beorn|Trainer
trp_trainer_dwarf|Trainer
trp_trainer_mordor|Trainer
trp_trainer_isengard|Trainer
trp_trainer_khand|Trainer
trp_trainer_rhun|Trainer
trp_trainer_harad|Trainer
trp_trainer_umbar|Trainer
trp_ransom_broker_1|Ransom Broker
trp_ransom_broker_2|Ransom Broker
trp_ransom_broker_3|Ransom Broker
trp_ransom_broker_4|Ransom Broker
trp_ransom_broker_5|Ransom Broker
trp_ransom_broker_6|Ransom Broker
trp_ransom_broker_7|Ransom Broker
trp_ransom_broker_8|Ransom Broker
trp_ransom_broker_9|Ransom Broker
trp_ransom_broker_10|Ransom Broker
trp_tavern_traveler_1|Traveller
trp_tavern_traveler_2|Traveller
trp_tavern_traveler_3|Traveller
trp_tavern_traveler_4|Traveller
trp_tavern_traveler_5|Traveller
trp_tavern_traveler_6|Traveller
trp_tavern_traveler_7|Traveller
trp_tavern_traveler_8|Traveller
trp_tavern_traveler_9|Traveller
trp_tavern_traveler_10|Traveller
trp_tavern_minstrel_1|Minstrel
trp_npc1|Mablung
trp_npc2|Cirdil
trp_npc3|Ulfas
trp_npc4|Galmyne
trp_npc5|Glorfindel
trp_npc6|Luevanna
trp_npc7|Kili Goldfinger
trp_npc8|Faniul
trp_npc9|Gulm
trp_npc10|Durgash
trp_npc11|Ufthak
trp_npc12|Gorbag
trp_npc13|Lykyada
trp_npc14|Fuldimir
trp_npc15|Bolzog
trp_npc16|Varfang
trp_npc17|Dimborn
trp_knight_6_2|Golasgil
trp_gondor_lord|Steward Denethor
trp_gondor_lord_pl|Steward
trp_rohan_lord|King Theoden
trp_rohan_lord_pl|King
trp_isengard_lord|Saruman
trp_isengard_lord_pl|Master
trp_mordor_lord|Mouth of Sauron
trp_mordor_lord_pl|Satrap
trp_harad_lord|Chief Ul-Ulcari
trp_harad_lord_pl|Chief
trp_rhun_lord|Jarl Helcaroth
trp_rhun_lord_pl|Jarl
trp_khand_lord|Shibh Krukmahur
trp_khand_lord_pl|Shibh
trp_umbar_lord|Admiral Tulmir
trp_umbar_lord_pl|Admiral
trp_lorien_lord|Lady Galadriel
trp_lorien_lord_pl|Lady
trp_imladris_lord|Lord Elrond
trp_imladris_lord_pl|Lord
trp_woodelf_lord|King Thranduil
trp_woodelf_lord_pl|King
trp_moria_lord|Master Bolg the Lesser
trp_moria_lord_pl|Master
trp_guldur_lord|Master Fuinur
trp_guldur_lord_pl|Master
trp_gundabad_lord|Master Burza Krual
trp_gundabad_lord_pl|Master
trp_dale_lord|King Brand
trp_dale_lord_pl|King
trp_dwarf_lord|King Dain II Ironfoot
trp_dwarf_lord_pl|King
trp_dunland_lord|Chief Daeglaf the Black
trp_dunland_lord_pl|Chief
trp_beorn_lord|Chief Grimbeorn the Old
trp_beorn_lord_pl|Chief
trp_lorien_marshall|Celeborn
trp_knight_1_1|Angbor the Fearless
trp_knight_1_2|Húrin of the Keys
trp_knight_1_3|Prince Imrahil
trp_knight_1_4|Orthalion
trp_knight_1_5|Duinhir
trp_knight_1_6|Hirluin the Fair
trp_knight_1_7|Faramir
trp_knight_1_8|Forlong the Fat
trp_knight_1_9|Grimbold
trp_knight_1_10|Erkenbrand
trp_knight_1_11|Elfhelm
trp_knight_1_12|Hama
trp_knight_1_13|Gamling
trp_knight_1_14|Éomer
trp_knight_1_15|Ugluk
trp_knight_1_16|Mauhur
trp_knight_1_17|Mog the Seven-fingered
trp_knight_1_18|Hushnak Longshanks
trp_knight_1_19|Gridash the Tree-biter
trp_knight_1_20|Gronk the Man-eater
trp_knight_2_1|Captain Mortakh
trp_knight_2_2|Berúthiel
trp_knight_2_3|Skang
trp_knight_2_4|Pharakhâd The Bastard
trp_knight_2_5|Grishnakh
trp_knight_2_51|Gothmog
trp_knight_2_51_pl|Lieutenant
trp_knight_2_6|Chieftain Karna the Lion
trp_knight_2_7|Chieftain Na’man
trp_knight_2_8|Chieftain Haarith
trp_knight_2_11|Kusulak
trp_knight_2_12|Ulwarth the Balchoth
trp_knight_2_13|Brodda
trp_knight_2_16|Torask
trp_knight_2_17|Lurmsakun
trp_knight_3_1|Captain Morbir
trp_knight_3_2|Captain Angamaitë
trp_knight_3_3|Captain Sangahyando
trp_knight_3_6|Haldir
trp_knight_3_7|Orophin
trp_knight_3_11|Elladan
trp_knight_3_12|Elrohir
trp_knight_3_13|Halbarad
trp_knight_3_16|Miriel
trp_knight_3_17|Gladvaethor
trp_knight_4_1|Whip Snog
trp_knight_4_2|Whip Snotgor
trp_knight_4_6|General Tuskim
trp_knight_4_7|General Mugslag
trp_knight_4_11|Ruel
trp_knight_4_12|Beranor Blackfur
trp_knight_4_16|Whip Brolgukhsh
trp_knight_4_17|Whip Grumrunt
trp_knight_4_18|Whip Grimsob
trp_knight_5_1|Lord Halward
trp_knight_5_2|Lord Bard
trp_knight_5_3|Lord Esgarain
trp_knight_5_6|Fulgni Longbeard
trp_knight_5_7|Thorin Stonehelm
trp_knight_5_11|Chief Fudreim
trp_knight_5_12|Chief Wulf
trp_knight_6_1|Dervorin
trp_smith_mtirith|Berethor the Smith
trp_smith_mtirith_pl|Steward's smiths
trp_smith_pelargir|Hallatan Metalmaster
trp_smith_pelargir_pl|smithy
trp_smith_linhir|Bor the Armorer
trp_smith_linhir_pl|smithy
trp_smith_dolamroth|Haldad the Smith
trp_smith_dolamroth_pl|Amroth smiths
trp_smith_edhellond|Ryis Ironbender
trp_smith_edhellond_pl|smithy
trp_smith_lossarnach|Berin Axemaker
trp_smith_lossarnach_pl|smithy
trp_smith_tarnost|Harandil Steelhammer
trp_smith_tarnost_pl|smithy
trp_smith_erech|Lorne the Black
trp_smith_erech_pl|smithy
trp_smith_pinnath|Tarandil Swordmaker
trp_smith_pinnath_pl|smithy
trp_smith_eosgiliath|Bzurg the Looter
trp_smith_eosgiliath_pl|smithy
trp_smith_wosgiliath|Gardil
trp_smith_wosgiliath_pl|makeshift smithy
trp_smith_calembel|Agronom
trp_smith_calembel_pl|smithy
trp_smith_hannun|Fal the Ranger Smith
trp_smith_hannun_pl|ranger gear stash
trp_smith_candros|Kalimdor
trp_smith_candros_pl|smithy
trp_smith_edoras|Eaoden Steelmaster
trp_smith_edoras_pl|King's smithy
trp_smith_aldburg|Fulm Ironhoof
trp_smith_aldburg_pl|smithy
trp_smith_hornburg|Aldhelm
trp_smith_hornburg_pl|smithy
trp_smith_eastemnet|Eadfrid
trp_smith_eastemnet_pl|smithy
trp_smith_westfold|Deor Helmmaker
trp_smith_westfold_pl|smithy
trp_smith_westemnet|Armourer
trp_smith_westemnet_pl|smithy
trp_smith_eastfold|Eaderan Ironcarver
trp_smith_eastfold_pl|smithy
trp_smith_morannon|Hurbag Gateforger
trp_smith_morannon_pl|smithy
trp_smith_mmorgul|Orgurz Firebelcher
trp_smith_mmorgul_pl|smithy
trp_town_24_smith|Boz Ironspoiler
trp_town_24_smith_pl|smithy
trp_smith_orc_patrol|Glugz Ironfinger
trp_smith_orc_patrol_pl|camp smithy
trp_smith_oscamp|Kugash Ironlover
trp_smith_oscamp_pl|camp smithy
trp_smith_isengard|Burz Ironbasher
trp_smith_isengard_pl|underground smithy
trp_smith_uoutpost|Gurzuk Irontooth
trp_smith_uoutpost_pl|outpost smithy
trp_smith_uhcamp|Rabzug Rusteater
trp_smith_uhcamp_pl|camp smithy
trp_smith_urcamp|Glurk
trp_smith_urcamp_pl|camp smithy
trp_smith_cgaladhon|Dirufin the Bowyer
trp_smith_cgaladhon_pl|elven weaponmakers
trp_smith_cdolen|Dimirian the Fletcher
trp_smith_cdolen_pl|elven weaponmakers
trp_smith_camroth|Getasistan
trp_smith_camroth_pl|elven weaponmakers
trp_smith_thranduils_halls|Thurinor
trp_smith_thranduils_halls_pl|smithy
trp_smith_woodelf_camp|Calechir
trp_smith_woodelf_camp_pl|smithy
trp_smith_beorn|Beornalaf Axemaker
trp_smith_beorn_pl|smithy
trp_smith_moria|Burgak Forger
trp_smith_moria_pl|smithy
trp_smith_dale|Ardel Firehand
trp_smith_dale_pl|smithy
trp_smith_esgaroth|Kelegarn The Bowyer
trp_smith_esgaroth_pl|smithy
trp_smith_erebor|Thror the Hammerer
trp_smith_erebor_pl|praised Dwarven smiths
trp_smith_dunland|Dorrowuld Ironpike
trp_smith_dunland_pl|smithy
trp_smith_harad|Har Steelbender
trp_smith_harad_pl|smithy
trp_smith_khand|Pushurt The Haggler
trp_smith_khand_pl|smithy
trp_smith_umbar|Fuinir the Forger
trp_smith_umbar_pl|smithy
trp_smith_imladris|Duifirian
trp_smith_imladris_pl|elven weaponmakers
trp_smith_dolguldur|Shtazg Dulbash
trp_smith_dolguldur_pl|smithy
trp_smith_north_rhun|Ognjemir Kladivo
trp_smith_north_rhun_pl|makeshift smithy
trp_smith_gundabad|Blurg Snowseller
trp_smith_gundabad_pl|smithy
trp_smith_ironhill|Ironhill Smith
trp_smith_ironhill_pl|Dwarven camp smiths
trp_town_50_weaponsmith|Shruklug Knife Grinder
trp_town_50_weaponsmith_pl|smithy
trp_smith_gondor_ac|Bor the Armorer
trp_smith_gondor_ac_pl|camp smithy
trp_smith_rohan_ac|Deor Helmmaker
trp_smith_rohan_ac_pl|camp smithy
trp_smith_mordor_ac|Hurbag Gateforger
trp_smith_mordor_ac_pl|smithy
trp_smith_isengard_ac|Burz Ironbasher
trp_smith_isengard_ac_pl|underground smithy
trp_smith_lorien_ac|Dimirian the Fletcher
trp_smith_lorien_ac_pl|elven weaponmakers
trp_smith_woodelf_ac|Dhoelath
trp_smith_woodelf_ac_pl|smithy
trp_smith_dwarf_ac|Ironhill Smith
trp_smith_dwarf_ac_pl|Dwarven camp smiths
trp_smith_gundabad_ac|Blurg Snowseller
trp_smith_gundabad_ac_pl|smithy
trp_smith_rhun_ac|Branimir Bronnik
trp_smith_rhun_ac_pl|makeshift smithy
trp_smith_guldur_ac|Shtazg Dulbash
trp_smith_guldur_ac_pl|smithy
trp_smith_imladris_ac|Duifirian
trp_smith_imladris_ac_pl|elven weaponmakers
trp_smith_dunland_ac|Dorrowuld Ironpike
trp_smith_dunland_ac_pl|smithy
trp_smith_harad_ac|Har Steelbender
trp_smith_harad_ac_pl|smithy
trp_smith_khand_ac|Pushurt The Haggler
trp_smith_khand_ac_pl|smithy
trp_smith_umbar_ac|Fuinir the Forger
trp_smith_umbar_ac_pl|smithy
trp_smith_moria_ac|Burgak Forger
trp_smith_moria_ac_pl|smithy
trp_smith_dale_ac|Ardel Firehand
trp_smith_dale_ac_pl|smithy
trp_smith_beorn_ac|Beornalaf Axemaker
trp_smith_beorn_ac_pl|smithy
trp_smith_woodelf_west_camp|Dhoelath
trp_smith_woodelf_west_camp_pl|smithy
trp_smith_woodmen|Beornalaf Axemaker
trp_smith_woodmen_pl|smithy
trp_smith_beorn_v|Beornalaf Axemaker
trp_smith_beorn_v_pl|smithy
trp_smith_troll_cave|Burgak Forger
trp_smith_troll_cave_pl|smithy
trp_smith_dg_outpost|Shtazg Dulbash
trp_smith_dg_outpost_pl|smithy
trp_smith_main_rhun|Branimir Bronnik
trp_smith_main_rhun_pl|makeshift smithy
trp_smith_south_rhun|Branimir Bronnik
trp_smith_south_rhun_pl|makeshift smithy
trp_smith_gundabad_ne|Blurg Snowseller
trp_smith_gundabad_ne_pl|smithy
trp_smith_gundabad_nw|Blurg Snowseller
trp_smith_gundabad_nw_pl|smithy
trp_smith_gundabad_s|Blurg Snowseller
trp_smith_gundabad_s_pl|smithy
trp_smith_gundabad_m|Blurg Snowseller
trp_smith_gundabad_m_pl|smithy
trp_barman_eastemnet|Tavern Keeper
trp_barman_eastemnet_pl|the Castle
trp_barman_westfold|Tavern Keeper
trp_barman_westfold_pl|the Castle
trp_barman_westemnet|Tavern Keeper
trp_barman_westemnet_pl|the Castle
trp_barman_eastfold|Tavern Keeper
trp_barman_eastfold_pl|the Castle
trp_barman_baraddur|Tavern Keeper
trp_barman_baraddur_pl|the Castle
trp_barman_morannon|Tavern Keeper
trp_barman_morannon_pl|the Leader's Cave
trp_barman_mmorgul|Tavern Keeper
trp_barman_mmorgul_pl|the Tower
trp_merchant_main_rhun|Supply Master
trp_merchant_main_rhun_pl|camp stash
trp_merchant_dg_outpost|Supply Master
trp_merchant_dg_outpost_pl|stable and warehouse
trp_merchant_woodelf_west_camp|Supply Master
trp_merchant_woodelf_west_camp_pl|elven supplies
trp_merchant_gundabad_m|Supply Master
trp_merchant_gundabad_m_pl|camp stash
trp_merchant_gundabad_s|Supply Master
trp_merchant_gundabad_s_pl|camp stash
trp_merchant_gundabad_nw|Supply Master
trp_merchant_gundabad_nw_pl|camp stash
trp_merchant_gundabad_ne|Supply Master
trp_merchant_gundabad_ne_pl|camp stash
trp_merchant_troll_cave|Supply Master
trp_merchant_troll_cave_pl|warg pit and supplies
trp_merchant_beorn_v|Supply Master
trp_merchant_beorn_v_pl|stable and warehouse
trp_merchant_orc_sentry|Supply Master
trp_merchant_orc_sentry_pl|camp stash
trp_merchant_candros|Supply Master
trp_merchant_candros_pl|stable and warehouse
trp_merchant_hannun|Supply Master
trp_merchant_hannun_pl|ranger supplies
trp_merchant_mtirith|Supply Master
trp_merchant_mtirith_pl|stable and warehouse
trp_merchant_pelargir|Supply Master
trp_merchant_pelargir_pl|stable and warehouse
trp_merchant_linhir|Supply Master
trp_merchant_linhir_pl|stable and warehouse
trp_merchant_dolamroth|Supply Master
trp_merchant_dolamroth_pl|stable and warehouse
trp_merchant_edhellond|Supply Master
trp_merchant_edhellond_pl|stable and warehouse
trp_merchant_lossarnach|Supply Master
trp_merchant_lossarnach_pl|stable and warehouse
trp_merchant_tarnost|Supply Master
trp_merchant_tarnost_pl|stable and warehouse
trp_merchant_erech|Supply Master
trp_merchant_erech_pl|stable and warehouse
trp_merchant_pinnath|Supply Master
trp_merchant_pinnath_pl|stable and warehouse
trp_merchant_eosgiliath|Supply Master
trp_merchant_eosgiliath_pl|stable and warehouse
trp_merchant_wosgiliath|Supply Master
trp_merchant_wosgiliath_pl|stable and warehouse
trp_town_12_horse_merchant|Supply Master
trp_town_12_horse_merchant_pl|stable and warehouse
trp_town_13_horse_merchant|Supply Master
trp_town_13_horse_merchant_pl|stable and warehouse
trp_merchant_edoras|Supply Maiden
trp_merchant_edoras_pl|stable and warehouse
trp_merchant_aldburg|Supply Master
trp_merchant_aldburg_pl|King's stable and warehouse
trp_merchant_hornburg|Supply Master
trp_merchant_hornburg_pl|stable and warehouse
trp_merchant_eastemnet|Supply Master
trp_merchant_eastemnet_pl|stable and warehouse
trp_merchant_westfold|Supply Maiden
trp_merchant_westfold_pl|stable and warehouse
trp_merchant_westemnet|Supply Maiden
trp_merchant_westemnet_pl|stable and warehouse
trp_merchant_eastfold|Supply Maiden
trp_merchant_eastfold_pl|stable and warehouse
trp_town_21_horse_merchant|Supply Master
trp_town_21_horse_merchant_pl|pit and warehouse
trp_merchant_morannon|Supply Master
trp_merchant_morannon_pl|pit and warehouse
trp_merchant_mmorgul|Supply Master
trp_merchant_mmorgul_pl|pit and warehouse
trp_town_24_horse_merchant|Supply Master
trp_town_24_horse_merchant_pl|pit and warehouse
trp_merchant_orc_patrol|Supply Master
trp_merchant_orc_patrol_pl|camp stash
trp_merchant_isengard|Supply Master
trp_merchant_isengard_pl|camp stash
trp_town_27_horse_merchant|Supply Master
trp_town_27_horse_merchant_pl|warg pit and supplies
trp_merchant_uoutpost|Supply Master
trp_merchant_uoutpost_pl|warg pit and supplies
trp_merchant_uhcamp|Supply Master
trp_merchant_uhcamp_pl|warg pit and supplies
trp_merchant_urcamp|Supply Master
trp_merchant_urcamp_pl|warg pit and supplies
trp_merchant_cgaladhon|Supply Master
trp_merchant_cgaladhon_pl|elven supplies
trp_merchant_cdolen|Supply Master
trp_merchant_cdolen_pl|elven supplies
trp_merchant_camroth|Supply Master
trp_merchant_camroth_pl|elven supplies
trp_merchant_thranduils_halls|Supply Master
trp_merchant_thranduils_halls_pl|elven supplies
trp_merchant_woodelf_camp|Supply Master
trp_merchant_woodelf_camp_pl|elven supplies
trp_merchant_woodmen|Supply Master
trp_merchant_woodmen_pl|stable and warehouse
trp_merchant_beorn|Supply Master
trp_merchant_beorn_pl|stable and warehouse
trp_merchant_moria|Supply Master
trp_merchant_moria_pl|warg pit and supplies
trp_merchant_dale|Supply Master
trp_merchant_dale_pl|stable and warehouse
trp_merchant_esgaroth|Supply Master
trp_merchant_esgaroth_pl|stable and warehouse
trp_merchant_erebor|Supply Master
trp_merchant_erebor_pl|Dwarven supplies
trp_merchant_dunland|Dun Stash Master
trp_merchant_dunland_pl|camp stash
trp_merchant_harad|Harad Stash Master
trp_merchant_harad_pl|camp stash
trp_merchant_khand|Khand Stash Master
trp_merchant_khand_pl|camp stash
trp_merchant_umbar|Supply Master
trp_merchant_umbar_pl|camp stash
trp_merchant_imladris|Supply Master
trp_merchant_imladris_pl|camp supplies
trp_merchant_dolguldur|Supply Master
trp_merchant_dolguldur_pl|stable and warehouse
trp_merchant_north_rhun|Supply Master
trp_merchant_north_rhun_pl|camp stash
trp_merchant_south_rhun|Supply Master
trp_merchant_south_rhun_pl|camp stash
trp_merchant_gundabad|Supply Master
trp_merchant_gundabad_pl|camp stash
trp_merchant_ironhill|Supply Master
trp_merchant_ironhill_pl|Dwarven supplies
trp_town_50_horse_merchant|Gobrip Yellowtooth
trp_town_50_horse_merchant_pl|warg pit and supplies
trp_merchant_calembel|Supply Master
trp_merchant_calembel_pl|stable and warehouse
trp_elder_mtirith|Tirith Guildmaster
trp_elder_mtirith_pl|the White City
trp_elder_pelargir|Sailor Guildmaster
trp_elder_pelargir_pl|the city
trp_elder_linhir|Linhir Guildmaster
trp_elder_linhir_pl|the city
trp_elder_dolamroth|Dol Amroth Guildmaster
trp_elder_dolamroth_pl|the city
trp_elder_edhellond|Edhellond Guildmaster
trp_elder_edhellond_pl|the city
trp_elder_lossarnach|Lossarnach Guildmaster
trp_elder_lossarnach_pl|the town
trp_elder_tarnost|Tarnost Guildmaster
trp_elder_tarnost_pl|the town
trp_elder_erech|Erech Guildmaster
trp_elder_erech_pl|the town
trp_elder_pinnath|Pinnath Tribe Elder
trp_elder_pinnath_pl|the town
trp_elder_ethring|Calembel Guildmaster
trp_elder_ethring_pl|the city
trp_elder_henneth|Ranger Guildmaster
trp_elder_henneth_pl|the hideout
trp_elder_cairandros|Cair Andros Guildmaster
trp_elder_cairandros_pl|the island fortress
trp_elder_edoras|Edoras Thain
trp_elder_edoras_pl|the city
trp_elder_aldburg|Aldburg Thain
trp_elder_aldburg_pl|the town
trp_elder_hornburg|Hornburg Thain
trp_elder_hornburg_pl|the fortress
trp_elder_eastemnet|East Emnet Thain
trp_elder_eastemnet_pl|the town
trp_elder_westfold|Westfold Thain
trp_elder_westfold_pl|the town
trp_elder_westemnet|West Emnet Thain
trp_elder_westemnet_pl|the town
trp_elder_eastfold|Eastfold Thain
trp_elder_eastfold_pl|the town
trp_elder_morannon|Morannon Chief
trp_elder_morannon_pl|the caves overlooking the Great Gate
trp_elder_mmorgul|Morgul Chief
trp_elder_mmorgul_pl|the sinister city
trp_elder_cungol|Camp Chief
trp_elder_cungol_pl|the camp
trp_elder_isengard|Grima Wormtongue
trp_elder_isengard_pl|the city
trp_elder_cgaladhon|Lorien Loremaster
trp_elder_cgaladhon_pl|the elven forest fortress
trp_elder_cdolen|Lorien Loremaster
trp_elder_cdolen_pl|the encampment
trp_elder_camroth|Lorien Loremaster
trp_elder_camroth_pl|the encampment
trp_elder_thalls|Mirkwood Elder
trp_elder_thalls_pl|the elven caves
trp_elder_imladris|Rivendell Campmaster
trp_elder_imladris_pl|the camp
trp_elder_wvillage|Pierre Woodman
trp_elder_wvillage_pl|the village
trp_elder_beorn|Beorn Elder
trp_elder_beorn_pl|the hamlet
trp_elder_harad|Harad Camp chief
trp_elder_harad_pl|the camp
trp_elder_rhun|Rhun High Priest
trp_elder_rhun_pl|the camp
trp_elder_khand|Khand Camp Chief
trp_elder_khand_pl|the camp
trp_elder_dunland|Dun Camp Chief
trp_elder_dunland_pl|the camp
trp_elder_umbar|Umbar Quartermaster
trp_elder_umbar_pl|the fortified camp
trp_elder_moria|Moria Chief
trp_elder_moria_pl|the Mines
trp_elder_gunda|Master of the Caves
trp_elder_gunda_pl|the caves
trp_elder_dale|Dale Quartermaster
trp_elder_dale_pl|the city
trp_elder_esgaroth|Esgaroth Quartermaster
trp_elder_esgaroth_pl|the lake town
trp_elder_erebor|Erebor Guildmaster
trp_elder_erebor_pl|the Halls
trp_elder_dolguldur|Guldur Chief
trp_elder_dolguldur_pl|the black castle
trp_elder_wosgiliath|Campmaster
trp_elder_wosgiliath_pl|the camp
trp_elder_oscamp|Campmaster
trp_elder_oscamp_pl|the camp
trp_elder_eosgiliath|Campmaster
trp_elder_eosgiliath_pl|the camp
trp_elder_uoutpost|Campmaster
trp_elder_uoutpost_pl|the camp
trp_elder_uhcamp|Campmaster
trp_elder_uhcamp_pl|the camp
trp_elder_urcamp|Campmaster
trp_elder_urcamp_pl|the camp
trp_elder_woodelf_camp|Elder
trp_elder_woodelf_camp_pl|the camp
trp_elder_woodelf_west_camp|Elder
trp_elder_woodelf_west_camp_pl|the camp
trp_elder_beorn_v|Beorning Elder
trp_elder_beorn_v_pl|the village
trp_elder_troll_cave|Cave Chief
trp_elder_troll_cave_pl|the caves
trp_elder_dg_outpost|Campmaster
trp_elder_dg_outpost_pl|the camp
trp_elder_rhun_sc|Rhun Camp Chief
trp_elder_rhun_sc_pl|the camp
trp_elder_rhun_nc|Rhun Camp Chief
trp_elder_rhun_nc_pl|the camp
trp_elder_gunda_ne|Orc Elder
trp_elder_gunda_ne_pl|the camp
trp_elder_gunda_nw|Orc Elder
trp_elder_gunda_nw_pl|the camp
trp_elder_gunda_s|Orc Elder
trp_elder_gunda_s_pl|the camp
trp_elder_gunda_m|Orc Elder
trp_elder_gunda_m_pl|the camp
trp_elder_ironhill|Camp Chief
trp_elder_ironhill_pl|the camp
trp_village_1_elder|Lord of the Lash
trp_village_1_elder_pl|the caves
trp_tutorial_chest_1|Melee Weapons Chest
trp_tutorial_chest_2|Ranged Weapons Chest
trp_bonus_chest_1|Bonus Chest
trp_bonus_chest_2|Bonus Chest
trp_bonus_chest_3|Bonus Chest
trp_camp_chest_faction|Faction Chest
trp_camp_chest_none|Chest for nones
trp_player_chest|Your Chest
trp_local_merchant|Local Merchant
trp_local_merchant_pl|Local Merchants
trp_tax_rebel|Peasant Rebel
trp_tax_rebel_pl|Peasant Rebels
trp_trainee_peasant|Peasant
trp_trainee_peasant_pl|Peasants
trp_fugitive_man|Suspicious Man
trp_fugitive_man_pl|Suspicious Men
trp_fugitive_elf|Suspicious Elf
trp_fugitive_elf_pl|Suspicious Elves
trp_fugitive_dwarf|Suspicious Dwarf
trp_fugitive_dwarf_pl|Suspicious Dwarves
trp_fugitive_orc|Suspicious Orc
trp_fugitive_orc_pl|Suspicious Orcs
trp_spy|Shifty-eyed Corsair
trp_spy_pl|Shifty-eyed Corsairs
trp_spy_evil|Shifty-eyed Southerner
trp_spy_evil_pl|Shifty-eyed Southerners
trp_spy_partner|Spy Handler
trp_spy_partner_pl|Spy Handlers
trp_spy_partner_evil|Spy Handler
trp_spy_partner_evil_pl|Spy Handlers
trp_easter_egg_troll|The Troll
trp_treebeard|Treebeard
trp_ent_1|Bregalad
trp_ent_2|Finglas
trp_ent_3|Fladrif
trp_gandalf|Gandalf
trp_gandalf_pl|Home-grown Gandalves
trp_nazgul|Nazgul
trp_nazgul_pl|Domesticated Nazgul
trp_radagast|Radagast
trp_barman|Barman
trp_elder|Center Elder
trp_gear_merchant|Gear Merchant
trp_goods_merchant|Goods Merchant
trp_start_quest_caravaneer|Torbal the Caravaneer
trp_dorwinion_bandit|Dorwinion Bandit
trp_dorwinion_bandit_pl|Dorwinion Bandits
trp_dorwinion_raider|Dorwinion Raider
trp_dorwinion_raider_pl|Dorwinion Raiders
trp_city_guard|City Guard
trp_city_guard_pl|city guard
trp_orc_sentry|Orc Sentry
trp_orc_sentry_pl|orc sentry
trp_uruk_hai_sentry|Uruk-hai Sentry
trp_uruk_hai_sentry_pl|uruk hai sentry
trp_black_numenorean_sorcerer|Black Numenorean Sorcerer
trp_black_numenorean_sorcerer_pl|Black numenorean sorcerer
trp_evil_priest|Evil Priest
trp_evil_priest_pl|Evil Priests
trp_wolf_rider_of_mirkwood|Wolf Rider of Mirkwood
trp_wolf_rider_of_mirkwood_pl|Wolf Riders of Mirkwood
trp_warg_rider_of_mirkwood|Warg Rider of Mirkwood
trp_warg_rider_of_mirkwood_pl|Warg Riders of Mirkwood
trp_gate_aggravator|Gate Defence
trp_orc_pretender|Orc Pretender
trp_human_prisoner|Human Prisoner
trp_spider|Mirkwood Spider
trp_spider_pl|Mirkwood Spiders
trp_bear|Bear
trp_bear_pl|Bears
trp_wolf|Wolf
trp_wolf_pl|Wolves
trp_dorwinion_sack|Dorwinion Sack
trp_ring_hunter_captain|Ring Hunter Captain
trp_ring_hunter_lt|Ring Hunter Captain
trp_ring_hunter_one|Ring Hunter
trp_ring_hunter_one_pl|Ring Hunters
trp_ring_hunter_two|Ring Hunter
trp_ring_hunter_two_pl|Ring Hunters
trp_ring_hunter_three|Ring Hunter
trp_ring_hunter_three_pl|Ring Hunters
trp_ring_hunter_four|Ring Hunter
trp_ring_hunter_four_pl|Ring Hunters
trp_start_quest_uruk|Mordor Uruk Captain
trp_start_quest_orc|Mordor Orc Lieutenant
trp_start_quest_orc_pl|Large Orcs of Mordor
trp_start_quest_woodelf|Galadhrim Royal Marksman
trp_start_quest_woodelf_pl|Galadhrim Royal Marksmen
trp_start_quest_mordor_scout|Mordor Guide
trp_start_quest_mordor_scout_pl|Mordor Guides
trp_start_quest_beorning|Beorning Carrock Berserker
trp_start_quest_beorning_pl|Beorning Carrock Berserkers
trp_i6_beorning_bear_warrior|Bear Warrior
trp_i6_beorning_bear_warrior_pl|Bear Warriors
trp_morannon_healer|Okstuk the Healer
trp_minas_tirith_healer|Ioreth
trp_edoras_healer|Freya the Healer
trp_isengard_healer|Nurgal the Patcher
trp_guldur_healer|Mornagar the Gramaryer
trp_gundabad_healer|Lurgakh Third Eye
trp_mirkwood_healer|Corwiel the Soft-Handed
trp_hungry_uruk|Hungry Uruk
trp_hungry_orc|Hungry Orc
trp_longing_lorien|Longing Elf
trp_longing_woodelf|Longing Elf
trp_longing_imladris|Longing Elf
trp_i5_moria_deep_dweller|Deep-Dweller of Moria
trp_i5_moria_deep_dweller_pl|Deep-Dwellers of Moria
trp_i5_moria_orc_chieftain|Orc Chieftain of Moria
trp_i5_moria_orc_chieftain_pl|Orc Chieftains of Moria
trp_c5_rhovanion_noble|Rhovanion Noble
trp_c5_rhovanion_noble_pl|Rhovanion Noblemen
trp_npc18|Turmbathu
trp_npc19|Heidrek
trp_npc20|Zigûrphel
trp_werewolf|Werewolf
trp_werewolf_pl|Werewolves
trp_moria_troll|Cave Troll
trp_moria_troll_pl|Cave Trolls
trp_moria_vet_troll|Trained Cave Troll
trp_moria_vet_troll_pl|Trained Cave Trolls
trp_moria_armored_troll|Armored Cave Troll
trp_moria_armored_troll_pl|Armored Cave Trolls
trp_gunda_troll|Mountain Troll
trp_gunda_troll_pl|Mountain Trolls
trp_gunda_vet_troll|Trained Mountain Troll
trp_gunda_vet_troll_pl|Trained Mountain Trolls
trp_gunda_placeholder|Trained Mountain Troll
trp_gunda_placeholder_pl|Trained Mountain Trolls
trp_isen_troll|Isengard Troll
trp_isen_troll_pl|Isengard Trolls
trp_isen_vet_troll|Isengard Trained Troll
trp_isen_vet_troll_pl|Isengard Trained Trolls
trp_isen_armored_troll|Isengard Armored Troll
trp_isen_armored_troll_pl|Isengard Armored Trolls
trp_mordor_troll|Mordor Troll
trp_mordor_troll_pl|Mordor Trolls
trp_mordor_vet_troll|Mordor Trained Troll
trp_mordor_vet_troll_pl|Mordor Trained Trolls
trp_mordor_olog_hai|Olog Hai of Mordor
trp_mordor_olog_hai_pl|Olog Hai of Mordor
trp_troll_placeholder_1|Cave Troll
trp_troll_placeholder_1_pl|Cave Trolls
trp_troll_placeholder_2|Cave Troll
trp_troll_placeholder_2_pl|Cave Trolls
trp_troll_placeholder_3|Cave Troll
trp_troll_placeholder_3_pl|Cave Trolls
trp_troll_placeholder_4|Cave Troll
trp_troll_placeholder_4_pl|Cave Trolls
trp_troll_placeholder_5|Cave Troll
trp_troll_placeholder_5_pl|Cave Trolls
trp_troll_placeholder_6|Cave Troll
trp_troll_placeholder_6_pl|Cave Trolls
trp_wild_troll|Wild Cave Troll
trp_wild_troll_pl|Wild Cave Trolls
trp_ent|Ent
trp_ent_pl|Ents
trp_mountain_goblin|Mountain Goblin
trp_mountain_goblin_pl|Mountain Goblins
trp_tribal_orc|Tribal Orc
trp_tribal_orc_pl|Tribal Orcs
trp_tribal_orc_warrior|Tribal Orc Warrior
trp_tribal_orc_warrior_pl|Tribal Orc Warriors
trp_tribal_orc_chief|Tribal Orc Chief
trp_tribal_orc_chief_pl|Tribal Orc Chiefs
trp_a3_dism_skirmisher_of_rohan|Skirmisher of Rohan
trp_a3_dism_skirmisher_of_rohan_pl|Skirmishers of Rohan
trp_a4_dism_veteran_skirmisher_of_rohan|Veteran Skirmisher of Rohan
trp_a4_dism_veteran_skirmisher_of_rohan_pl|Veteran Skirmishers of Rohan
trp_a5_dism_elite_skirmisher_of_rohan|Elite Skirmisher of Rohan
trp_a5_dism_elite_skirmisher_of_rohan_pl|Elite Skirmishers of Rohan
trp_ac5_camel_rider|Harad Camel Rider
trp_ac5_camel_rider_pl|Harad Camel Riders
trp_aragorn|Aragorn
trp_legolas|Legolas
trp_gimli|Gimli
trp_pippin_notmet|halfling
trp_merry_notmet|halfling
trp_pippin|Pippin
trp_merry|Merry
