trp_unarmed_troop|Troupe non armée
trp_unarmed_troop_pl|Troupes non armées
trp_tutorial_maceman|Homme avec masse d'armes
trp_tutorial_maceman_pl|Porteurs de haches
trp_tutorial_archer|Archer
trp_tutorial_archer_pl|Archers
trp_tutorial_swordsman|Épéiste
trp_tutorial_swordsman_pl|Épéistes
trp_novice_fighter|Combattant novice
trp_novice_fighter_pl|Combattants novices
trp_regular_fighter|Combattant fidèle
trp_regular_fighter_pl|Combattants fidèles
trp_veteran_fighter|Combattant vétéran
trp_veteran_fighter_pl|Combattants vétérans
trp_champion_fighter|Champion
trp_champion_fighter_pl|Champions
trp_arena_training_fighter_1|Combattant novice
trp_arena_training_fighter_1_pl|Combattants novices
trp_arena_training_fighter_2|Combattant novice
trp_arena_training_fighter_2_pl|Combattants novices
trp_arena_training_fighter_3|Combattant fidèle
trp_arena_training_fighter_3_pl|Combattants fidèles
trp_arena_training_fighter_4|Combattant fidèle
trp_arena_training_fighter_4_pl|Combattants fidèles
trp_arena_training_fighter_5|Combattant fidèle
trp_arena_training_fighter_5_pl|Combattants fidèles
trp_arena_training_fighter_6|Combattant vétéran
trp_arena_training_fighter_6_pl|Combattants vétérans
trp_arena_training_fighter_7|Combattant vétéran
trp_arena_training_fighter_7_pl|Combattants vétérans
trp_arena_training_fighter_8|Combattant vétéran
trp_arena_training_fighter_8_pl|Combattants vétérans
trp_arena_training_fighter_9|Champion
trp_arena_training_fighter_9_pl|Champions
trp_arena_training_fighter_10|Champion
trp_arena_training_fighter_10_pl|Champions
trp_cattle|Bétail
trp_cattle_pl|Bétail
trp_farmer|Fermier
trp_farmer_pl|Fermiers
trp_townsman|Citadin
trp_townsman_pl|Citadins
trp_watchman|Citadine
trp_watchman_pl|Citadines
trp_i1_woodmen_man|Colon Forestier
trp_i1_woodmen_man_pl|Colons Forestiers
trp_i2_woodmen_forester|Bûcheron Forestier
trp_i2_woodmen_forester_pl|Bûcherons Forestiers
trp_i3_woodmen_skilled_forester|Bûcheron expérimenté Forestier
trp_i3_woodmen_skilled_forester_pl|Bûcherons expérimentés Forestiers
trp_i4_woodmen_axemen|Manieur de hache Forestier
trp_i4_woodmen_axemen_pl|Manieurs de hache Forestier
trp_i5_woodmen_night_guard|Garde nocturne de Grand'Peur
trp_i5_woodmen_night_guard_pl|Gardes nocturnes de Grand'Peur
trp_a2_woodmen_tracker|Traqueur forestier
trp_a2_woodmen_tracker_pl|Traqueurs Forestiers
trp_a3_woodmen_scout|Éclaireur Forestier
trp_a3_woodmen_scout_pl|Éclaireurs Forestiers
trp_a4_woodmen_archer|Archer Forestier
trp_a4_woodmen_archer_pl|Archers Forestier
trp_a5_woodmen_night_stalker|Rôdeur nocturne de Grand'Peur
trp_a5_woodmen_night_stalker_pl|Rôdeurs nocturnes de Grand'Peur
trp_i1_beorning_man|Béornien
trp_i1_beorning_man_pl|Béorniens
trp_i2_beorning_warrior|Guerrier béornien
trp_i2_beorning_warrior_pl|Guerriers béorniens
trp_i3_beorning_tolltacker|Douanier béornien
trp_i3_beorning_tolltacker_pl|Douaniers béorniens
trp_i4_beorning_sentinel|Sentinelle béornien
trp_i4_beorning_sentinel_pl|Sentinelles béorniens
trp_i5_beorning_warden_of_the_ford|Gardien béornien du Gué
trp_i5_beorning_warden_of_the_ford_pl|Gardiens béorniens du Gué
trp_i3_beorning_carrock_lookout|Guetteur béornien du Carrock
trp_i3_beorning_carrock_lookout_pl|Guetteurs béorniens du Carrock
trp_i4_beorning_carrock_fighter|Combattant béornien du Carrock
trp_i4_beorning_carrock_fighter_pl|Combattants béorniens du Carrock
trp_i5_beorning_carrock_berserker|Berserker béornien du Carrock
trp_i5_beorning_carrock_berserker_pl|Berserkers béorniens du Carrock
trp_i1_dale_militia|Milicien du Val
trp_i1_dale_militia_pl|Milice du Val
trp_i2_dale_man_at_arms|Homme d'armes du Val
trp_i2_dale_man_at_arms_pl|Hommes d'armes du Val
trp_a2_dale_scout|Éclaireur du Val
trp_a2_dale_scout_pl|Éclaireurs du Val
trp_a3_dale_bowman|Archer novice du Val
trp_a3_dale_bowman_pl|Archers novices du Val
trp_a4_dale_archer|Archer du Val
trp_a4_dale_archer_pl|Archers du Val
trp_a5_barding_bowman|Archer de Bard
trp_a5_barding_bowman_pl|Archers de Bard
trp_i3_dale_swordsman|Épéiste du Val
trp_i3_dale_swordsman_pl|Épéistes du val
trp_i4_dale_sergeant|Sergent du Val
trp_i4_dale_sergeant_pl|Sergents du Val
trp_i5_dale_hearthman|Homme du Val
trp_i5_dale_hearthman_pl|Hommes du Val
trp_i3_dale_spearman|Lancier du Val
trp_i3_dale_spearman_pl|Lanciers du Val
trp_i4_dale_billman|Vougier du Val
trp_i4_dale_billman_pl|Vougiers du Val
trp_i5_dale_bill_master|Maître-vougier du Val
trp_i5_dale_bill_master_pl|Maîtres-vougiers du Val
trp_c2_rhovanion_retainer|Écuyer des hommes du Nord
trp_c2_rhovanion_retainer_pl|Écuyers des hommes du Nord
trp_c3_rhovanion_auxilia|Auxiliaire des hommes du Nord
trp_c3_rhovanion_auxilia_pl|Auxiliaires des hommes du Nord
trp_c4_rhovanion_rider|Cavalier de Rhovanion
trp_c4_rhovanion_rider_pl|Cavaliers de Rhovanion
trp_ac5_rhovanion_marchwarden|Gardien des Marches du Rhovanion
trp_ac5_rhovanion_marchwarden_pl|Gardiens des Marches du Rhovanion
trp_i1_rhun_tribesman|Homme des tribus de Rhûn
trp_i1_rhun_tribesman_pl|Hommes des tribus de Rhûn
trp_ac2_rhun_horse_scout|Éclaireur à cheval de Rhûn
trp_ac2_rhun_horse_scout_pl|Éclaireurs à cheval de Rhûn
trp_ac3_rhun_horse_archer|Archer à cheval de Rhûn
trp_ac3_rhun_horse_archer_pl|Archers à cheval de Rhûn
trp_ac4_rhun_veteran_horse_archer|Archer à cheval vétéran de Rhûn
trp_ac4_rhun_veteran_horse_archer_pl|Archers à cheval vétérans de Rhûn
trp_ac5_rhun_balchoth_horse_archer|Archer à cheval de Balchoth
trp_ac5_rhun_balchoth_horse_archer_pl|Archers à cheval de Balchoth
trp_c3_rhun_swift_horseman|Cavalier rapide de Rhûn
trp_c3_rhun_swift_horseman_pl|Cavaliers rapides de Rhûn
trp_c4_rhun_veteran_swift_horseman|Cavalier rapide vétéran de Rhûn
trp_c4_rhun_veteran_swift_horseman_pl|Cavaliers rapides vétérans de Rhûn
trp_c5_rhun_falcon_horseman|Cavalier au faucon
trp_c5_rhun_falcon_horseman_pl|Cavaliers au faucon
trp_i2_rhun_tribal_warrior|Fantassin tribal de Rhûn
trp_i2_rhun_tribal_warrior_pl|Fantassins tribaux de Rhûn
trp_i3_rhun_tribal_infantry|Guerrier tribal de Rhûn
trp_i3_rhun_tribal_infantry_pl|Guerriers tribaux de Rhûn
trp_i4_rhun_vet_infantry|Guerrier vétéran de Rhûn
trp_i4_rhun_vet_infantry_pl|Guerriers vétérans de Rhûn
trp_i5_rhun_ox_warrior|Guerrier du Boeuf
trp_i5_rhun_ox_warrior_pl|Guerriers du Boeuf
trp_c2_rhun_horseman|Cavalier de Rhûn
trp_c2_rhun_horseman_pl|Cavaliers de Rhûn
trp_c3_rhun_outrider|Cavalier lourd de Rhûn
trp_c3_rhun_outrider_pl|Cavaliers lourds de Rhûn
trp_c4_rhun_noble_rider|Cavalier noble de Rhûn
trp_c4_rhun_noble_rider_pl|Cavaliers nobles de Rhûn
trp_c5_rhun_warrider|Cavalier de guerre de Rhûn
trp_c5_rhun_warrider_pl|Cavaliers de guerre de Rhûn
trp_c6_rhun_warlord|Seigneur de guerre de Rhûn
trp_c6_rhun_warlord_pl|Seigneurs de guerre de Rhûn
trp_i1_dwarf_apprentice|Apprenti nain
trp_i1_dwarf_apprentice_pl|Apprentis nains
trp_i2_dwarf_warrior|Guerrier nain
trp_i2_dwarf_warrior_pl|Guerriers nains
trp_i3_dwarf_hardened_warrior|Guerrier nain endurci
trp_i3_dwarf_hardened_warrior_pl|Guerriers nains endurcis
trp_i4_dwarf_spearman|Lancier nain
trp_i4_dwarf_spearman_pl|Lanciers nains
trp_i5_dwarf_pikeman|Piquier nain
trp_i5_dwarf_pikeman_pl|Piquiers nains
trp_i6_dwarf_longpikeman|Hallebardier nain
trp_i6_dwarf_longpikeman_pl|Hallebardiers nains
trp_i4_dwarf_axeman|Porteur de hache nain
trp_i4_dwarf_axeman_pl|Porteurs de haches nains
trp_i5_dwarf_expert_axeman|Porteur de hache nain expert
trp_i5_dwarf_expert_axeman_pl|Porteurs de haches nains experts
trp_i6_dwarf_longbeard_axeman|Porteur de hache des Longues-barbes
trp_i6_dwarf_longbeard_axeman_pl|Porteurs de haches des Longues-barbes
trp_a2_dwarf_lookout|Guetteur nain
trp_a2_dwarf_lookout_pl|Guetteurs nains
trp_a3_dwarf_scout|Éclaireur nain
trp_a3_dwarf_scout_pl|Éclaireurs nains
trp_a4_dwarf_bowman|Archer novice nain
trp_a4_dwarf_bowman_pl|Archers novices nains
trp_i6_dwarf_longaxeman|Guerrier nain à hache longue
trp_i6_dwarf_longaxeman_pl|Guerriers nains à hache longue
trp_i3_iron_hills_warrior|Guerrier des Collines de Fer
trp_i3_iron_hills_warrior_pl|Guerriers des Collines de Fer
trp_i2_iron_hills_miner|Mineur des Collines de Fer
trp_i2_iron_hills_miner_pl|Mineurs des Collines de Fer
trp_i4_iron_hills_infantry|Fantassin des Collines de Fer
trp_i4_iron_hills_infantry_pl|Infanterie des Collines de Fer
trp_i5_iron_hills_battle_dwarf|Combattant des Collines de Fer
trp_i5_iron_hills_battle_dwarf_pl|Combattants des Collines de Fer
trp_i6_iron_hills_grors_guard|Garde de Gror
trp_i6_iron_hills_grors_guard_pl|Gardes de Gror 
trp_i1_gon_levy|Conscrit du Gondor
trp_i1_gon_levy_pl|Conscrits du Gondor
trp_i2_gon_watchman|Guetteur du Gondor
trp_i2_gon_watchman_pl|Guetteurs du Gondor
trp_i3_gon_footman|Fantassin du Gondor
trp_i3_gon_footman_pl|Infanterie du Gondor
trp_i4_gon_spearman|Lancier du Gondor
trp_i4_gon_spearman_pl|Lanciers du Gondor
trp_i5_gon_vet_spearman|Lancier vétéran du Gondor
trp_i5_gon_vet_spearman_pl|Lanciers vétérans du Gondor
trp_i6_gon_tower_spearman|Garde de la Fontaine
trp_i6_gon_tower_spearman_pl|Gardes de la Fontaine
trp_i4_gon_swordsman|Épéiste du Gondor
trp_i4_gon_swordsman_pl|Épéistes du Gondor
trp_i5_gon_vet_swordsman|Épéiste vétéran du Gondor
trp_i5_gon_vet_swordsman_pl|Épéistes vétérans du Gondor
trp_i6_gon_tower_swordsman|Epéiste de la Garde de la Tour
trp_i6_gon_tower_swordsman_pl|Épéistes de la Garde de la Tour
trp_c1_gon_nobleman|Noble du Gondor
trp_c1_gon_nobleman_pl|Noble du Gondor
trp_c2_gon_squire|Écuyer du Gondor
trp_c2_gon_squire_pl|Écuyers du Gondor
trp_c3_gon_vet_squire|Écuyer vétéran du Gondor
trp_c3_gon_vet_squire_pl|Écuyers vétérans du Gondor
trp_c4_gon_knight|Chevalier du Gondor
trp_c4_gon_knight_pl|Chevaliers du Gondor
trp_c5_gon_vet_knight|Chevalier vétéran du Gondor
trp_c5_gon_vet_knight_pl|Chevaliers vétérans du Gondor
trp_c6_gon_tower_knight|Chevalier de la Citadelle
trp_c6_gon_tower_knight_pl|Chevaliers de la Citadelle
trp_a3_gon_bowman|Archer novice du Gondor
trp_a3_gon_bowman_pl|Archers novices du Gondor
trp_a4_gon_archer|Archer du Gondor
trp_a4_gon_archer_pl|Archers du Gondor
trp_a5_gon_vet_archer|Archer vétéran du Gondor
trp_a5_gon_vet_archer_pl|Archers vétérans du Gondor
trp_a6_gon_tower_archer|Archer de la garde de la Tour
trp_a6_gon_tower_archer_pl|Archers de la garde de la Tour
trp_steward_guard|Garde de l'Intendant
trp_steward_guard_pl|Gardes de l'Intendant
trp_a4_ithilien_ranger|Coureur de l'Ithilien
trp_a4_ithilien_ranger_pl|Coureurs de l'Ithilien
trp_a5_ithilien_vet_ranger|Coureur vétéran de l'Ithilien
trp_a5_ithilien_vet_ranger_pl|Coureurs vétérans de l'Ithilien
trp_a6_ithilien_master_ranger|Maître Coureur de l'Ithilien
trp_a6_ithilien_master_ranger_pl|Maîtres Coureurs de l'Ithilien
trp_a6_ithilien_leader|Capitaine des Coureurs de l'Ithilien
trp_a6_ithilien_leader_pl|Capitaines des Coureurs de l'Ithilien
trp_i1_loss_woodsman|Forestier du Lossarnach
trp_i1_loss_woodsman_pl|Forestiers du Lossarnach
trp_i2_loss_axeman|Porteur de hache du Lossarnach
trp_i2_loss_axeman_pl|Porteurs de haches du Lossarnach 
trp_i3_loss_vet_axeman|Porteur de hache vétéran du Lossarnach
trp_i3_loss_vet_axeman_pl|Porteurs de haches vétérans du Lossarnach
trp_i4_loss_heavy_axeman|Porteur de hache lourd du Lossarnach
trp_i4_loss_heavy_axeman_pl|Porteurs de haches lourds du Lossarnach
trp_i5_loss_axemaster|Maître-porteur de hache du Lossarnach
trp_i5_loss_axemaster_pl|Maîtres-porteurs de haches du Lossarnach
trp_i6_loss_leader|Capitaine du Lossarnach
trp_i6_loss_leader_pl|Capitaines du Lossarnach
trp_i1_pel_watchman|Guetteur de Pelargir
trp_i1_pel_watchman_pl|Guetteurs de Pelargir
trp_a2_pel_marine|Marin de Pelargir
trp_a2_pel_marine_pl|Marins de Pelargir
trp_a3_pel_vet_marine|Marin vétéran de Pelargir
trp_a3_pel_vet_marine_pl|Marins vétérans de Pelargir
trp_i2_pel_infantry|Fantassin de Pelargir
trp_i2_pel_infantry_pl|Fantassins de Pelargir
trp_i3_pel_vet_infantry|Fantassin vétéran de Pelargir
trp_i3_pel_vet_infantry_pl|Fantassins vétérans de Pelargir
trp_i6_pel_leader|Capitaine de Pelargir
trp_i6_pel_leader_pl|Capitaines de Pelargir
trp_a6_pel_marine_leader|Capitaine des marins de Pelargir
trp_a6_pel_marine_leader_pl|Capitaines des marins de Pelargir
trp_i1_lam_clansman|Membre de clan du Lamedon
trp_i1_lam_clansman_pl|Membres de clan du Lamedon
trp_i2_lam_footman|Fantassin du Lamedon
trp_i2_lam_footman_pl|Infanterie du Lamedon
trp_i3_lam_veteran|Vétéran du Lamedon
trp_i3_lam_veteran_pl|Vétérans du Lamedon
trp_i4_lam_warrior|Guerrier du Lamedon
trp_i4_lam_warrior_pl|Guerriers du Lamedon
trp_i5_lam_champion|Champion du Lamedon
trp_i5_lam_champion_pl|Champions du Lamedon
trp_c5_lam_knight|Chevalier du Lamedon
trp_c5_lam_knight_pl|Chevaliers du Lamedon
trp_c6_lam_leader|Capitaine du Lamedon
trp_c6_lam_leader_pl|Capitaines du Lamedon
trp_i1_pinnath_plainsman|Homme des plaines de Pinnath Gelin
trp_i1_pinnath_plainsman_pl|Hommes des plaines de Pinnath Gelin
trp_c2_pinnath_rider|Cavalier de Pinnath Gelin
trp_c2_pinnath_rider_pl|Cavaliers de Pinnath Gelin
trp_c3_pinnath_knight|Chevalier de Pinnath Gelin
trp_c3_pinnath_knight_pl|Chevaliers de Pinnath Gelin
trp_a2_pinnath_bowman|Archer novice de Pinath Gelin
trp_a2_pinnath_bowman_pl|Archers novices de Pinnath Gelin
trp_a3_pinnath_archer|Archer de Pinnath Gelin
trp_a3_pinnath_archer_pl|Archers de Pinnath Gelin
trp_c6_pinnath_leader|Capitaine de Pinnath Gelin
trp_c6_pinnath_leader_pl|Capitaines de Pinnath Gelin 
trp_a1_blackroot_hunter|Chasseur du Val de Sourcenoire
trp_a1_blackroot_hunter_pl|Chasseurs du Val de Sourcenoire
trp_a2_blackroot_bowman|Archer du Val de Sourcenoire
trp_a2_blackroot_bowman_pl|Archers du Val de Sourcenoire
trp_a3_blackroot_archer|Archer long du Val de Sourcenoire
trp_a3_blackroot_archer_pl|Archers longs du Val de Sourcenoire
trp_i2_blackroot_footman|Fantassin du Val de Sourcenoire
trp_i2_blackroot_footman_pl|Infanterie du Val de Sourcenoire
trp_i3_blackroot_spearman|Lancier du Val de Sourcenoire
trp_i3_blackroot_spearman_pl|Lanciers du Val de Sourcenoire
trp_a5_blackroot_shadow_hunter|Chasseur de l'ombre de Sourcenoire
trp_a5_blackroot_shadow_hunter_pl|Chasseurs de l'ombre de Sourcenoire
trp_i1_amroth_recruit|Recrue de Dol Amroth
trp_i1_amroth_recruit_pl|Recrues de Dol Amroth
trp_c2_amroth_squire|Écuyer de Dol Amroth
trp_c2_amroth_squire_pl|Écuyers de Dol Amroth
trp_c3_amroth_vet_squire|Écuyer vétéran de Dol Amroth
trp_c3_amroth_vet_squire_pl|Écuyers vétérans de Dol Amroth
trp_c4_amroth_knight|Chevalier de Dol Amroth
trp_c4_amroth_knight_pl|Chevaliers de Dol Amroth
trp_c5_amroth_vet_knight|Chevalier vétéran de Dol Amroth
trp_c5_amroth_vet_knight_pl|Chevaliers vétérans de Dol Amroth
trp_c6_amroth_swan_knight|Chevalier au Cygne de Dol Amroth
trp_c6_amroth_swan_knight_pl|Chevaliers au Cygne de Dol Amroth
trp_c6_amroth_leader|Capitaine de Dol Amroth
trp_c6_amroth_leader_pl|Capitaines de Dol Amroth 
trp_a1_lorien_scout|Éclaireur de la Lothlórien
trp_a1_lorien_scout_pl|Éclaireurs de la Lothlórien
trp_a2_lorien_warden|Gardien de la Lothlórien
trp_a2_lorien_warden_pl|Gardiens de la Lothlórien
trp_a3_lorien_vet_warden|Gardien vétéran de la Lothlórien
trp_a3_lorien_vet_warden_pl|Gardiens vétérans de la Lothlórien
trp_a4_lorien_gal_warden|Gardien galadhrim
trp_a4_lorien_gal_warden_pl|Gardiens galadhrim
trp_a5_lorien_gal_royal_warden|Gardien royal des Galadhrim
trp_a5_lorien_gal_royal_warden_pl|Gardiens royaux des Galadhrim
trp_a6_lorien_grey_warden|Gardien Gris
trp_a6_lorien_grey_warden_pl|Gardiens Gris
trp_galadhrim_royal_marksman|Tireur d'élite royal des Galadhrim
trp_galadhrim_royal_marksman_pl|Tireurs d'élite royaux des Galadhrim
trp_noldorin_mounted_archer|Archer monté ñoldorin
trp_noldorin_mounted_archer_pl|Archers montés ñoldorin
trp_a2_lorien_archer|Archer de la Lothlórien
trp_a2_lorien_archer_pl|Archers de la Lothlórien
trp_a3_lorien_vet_archer|Archer vétéran de la Lothlórien
trp_a3_lorien_vet_archer_pl|Archers vétérans de la Lothlórien
trp_a4_lorien_gal_archer|Archer galadhrim
trp_a4_lorien_gal_archer_pl|Archers galadhrim
trp_a5_lorien_gal_royal_archer|Archer royal d'élite des Galadhrim
trp_a5_lorien_gal_royal_archer_pl|Archers royaux d'élite des Galadhrim
trp_i3_lorien_inf|Fantassin de la Lothlórien
trp_i3_lorien_inf_pl|Infanterie de la Lothlórien
trp_i4_lorien_gal_inf|Fantassin galadhrim
trp_i4_lorien_gal_inf_pl|Infanterie galadhrim
trp_i5_lorien_gal_royal_inf|Garde royal galadhrim
trp_i5_lorien_gal_royal_inf_pl|Gardes royaux galadhrim
trp_lothlorien_standard_bearer|Porte-étendard de la Lothlórien
trp_lothlorien_standard_bearer_pl|Porte-étendards de la Lothlórien
trp_a1_greenwood_scout|Éclaireur de Vertbois
trp_a1_greenwood_scout_pl|Éclaireurs de Vertbois
trp_a2_greenwood_veteran_scout|Éclaireur vétéran de Vertbois
trp_a2_greenwood_veteran_scout_pl|Éclaireur vétérans de Vertbois
trp_a3_greenwood_archer|Archer de Vertbois
trp_a3_greenwood_archer_pl|Archers de Vertbois
trp_a4_greenwood_veteran_archer|Archer vétéran de Vertbois
trp_a4_greenwood_veteran_archer_pl|Archers vétérans de Vertbois
trp_a5_greenwood_master_archer|Maître archer de Vertbois
trp_a5_greenwood_master_archer_pl|Maîtres archers de Vertbois
trp_a6_greenwood_chosen_marksman|Tireur d'élite choisi par Thranduil
trp_a6_greenwood_chosen_marksman_pl|Tireurs d'élite choisis par Thranduil
trp_a3_greenwood_sentinel|Sentinelle de Vertbois
trp_a3_greenwood_sentinel_pl|Sentinelles de Vertbois
trp_a4_greenwood_vet_sentinel|Sentinelle vétéran de Vertbois
trp_a4_greenwood_vet_sentinel_pl|Sentinelles vétérans de Vertbois
trp_a5_greenwood_vigilant|Gardien de Vertbois
trp_a5_greenwood_vigilant_pl|Gardiens de Vertbois
trp_i2_greenwood_infantry|Infanterie de Vertbois
trp_i2_greenwood_infantry_pl|Infanterie de Vertbois
trp_i3_greenwood_vet_infantry|Infanterie vétéran de Vertbois
trp_i3_greenwood_vet_infantry_pl|Infanterie vétéran de Vertbois
trp_i4_greenwood_elite_infantry|Infanterie d'élite de Vertbois
trp_i4_greenwood_elite_infantry_pl|Infanterie d'élite de Vertbois
trp_i5_greenwood_chosen_shieldmaster|Maître bouclier choisi par Thranduil
trp_i5_greenwood_chosen_shieldmaster_pl|Maîtres bouclier choisis par Thranduil
trp_i5_greenwood_chosen_spearmaster|Maître lancier choisi par Thranduil
trp_i5_greenwood_chosen_spearmaster_pl|Maîtres lanciers choisis par Thranduil
trp_i5_greenwood_standard_bearer|Porte-étendard de Vertbois
trp_i5_greenwood_standard_bearer_pl|Porte-étendards de Vertbois
trp_a1_riv_scout|Éclaireur de Fendeval
trp_a1_riv_scout_pl|Éclaireurs de Fendeval
trp_a2_riv_vet_scout|Éclaireur vétéran de Fendeval
trp_a2_riv_vet_scout_pl|Éclaireurs vétérans de Fendeval
trp_a3_riv_archer|Archer de Fendeval
trp_a3_riv_archer_pl|Archers de Fendeval
trp_a4_riv_vet_archer|Archer vétéran de Fendeval
trp_a4_riv_vet_archer_pl|Archers vétérans de Fendeval
trp_a5_riv_master_archer|Maître archer de Fendeval
trp_a5_riv_master_archer_pl|Maîtres archers de Fendeval
trp_a6_riv_guardian|Gardien de Fendeval
trp_a6_riv_guardian_pl|Gardiens de Fendeval
trp_i3_riv_swordbearer|Épéiste de Fendeval
trp_i3_riv_swordbearer_pl|Épéistes de Fendeval
trp_i4_riv_vet_swordbearer|Épéiste vétéran de Fendeval
trp_i4_riv_vet_swordbearer_pl|Épéistes vétérans de Fendeval
trp_i5_riv_swordmaster|Maître-épéiste de Fendeval
trp_i5_riv_swordmaster_pl|Maîtres-épéistes de Fendeval
trp_i6_riv_champion|Champion de Fendeval
trp_i6_riv_champion_pl|Champions de Fendeval
trp_ac5_riv_rider|Cavalier de Fendeval
trp_ac5_riv_rider_pl|Cavaliers de Fendeval
trp_ac6_riv_knight|Chevalier de Fendeval
trp_ac6_riv_knight_pl|Chevaliers de Fendeval
trp_i6_rivendell_standard_bearer|Porte-étendard de Fendeval
trp_i6_rivendell_standard_bearer_pl|Porte-étendards de Fendeval
trp_a1_arnor_scout|Éclaireur dúnedan
trp_a1_arnor_scout_pl|Éclaireurs dúnedain
trp_a2_arnor_vet_scout|Pisteur dúnedan
trp_a2_arnor_vet_scout_pl|Pisteurs dúnedain
trp_i3_arnor_swordsman|Épéiste dúnedan
trp_i3_arnor_swordsman_pl|Épéistes dúnedain
trp_i4_arnor_vet_swordsman|Épéiste vétéran dúnedan
trp_i4_arnor_vet_swordsman_pl|Épéistes vétérans dúnedain
trp_i5_arnor_champion|Champion d'Arnor
trp_i5_arnor_champion_pl|Champions d'Arnor
trp_c4_arnor_horseman|Cavalier dúnedan
trp_c4_arnor_horseman_pl|Cavaliers dúnedain
trp_c5_arnor_knight|Chevalier d'Arnor
trp_c5_arnor_knight_pl|Chevaliers d'Arnor
trp_a3_arnor_ranger|Coureur dúnedan
trp_a3_arnor_ranger_pl|Coureurs dúnedain
trp_a4_arnor_vet_ranger|Coureur vétéran dúnedan
trp_a4_arnor_vet_ranger_pl|Coureurs vétérans dúnedain
trp_a5_arnor_master_ranger|Maître Coureur d'Arnor
trp_a5_arnor_master_ranger_pl|Maîtres Coureurs d'Arnor
trp_i1_rohan_youth|Recrue du Rohan
trp_i1_rohan_youth_pl|Recrues du Rohan
trp_i2_guardsman_of_rohan|Gardien du Rohan
trp_i2_guardsman_of_rohan_pl|Gardiens du Rohan
trp_i3_footman_of_rohan|Fantassin du Rohan
trp_i3_footman_of_rohan_pl|Fantassins du Rohan
trp_i4_veteran_footman_of_rohan|Fantassin vétéran du Rohan
trp_i4_veteran_footman_of_rohan_pl|Fantassins vétérans du Rohan
trp_i5_elite_footman_of_rohan|Fantassin d'élite du Rohan
trp_i5_elite_footman_of_rohan_pl|Fantassins d'élite du Rohan
trp_i6_footman_guard_of_rohan|Garde de Folcwine
trp_i6_footman_guard_of_rohan_pl|Gardes de Folcwine
trp_i6_frealaf_raider|Cavalier de Frealaf
trp_i6_frealaf_raider_pl|Cavaliers de Frealaf
trp_i5_raider_of_rohan|Pillard du Rohan
trp_i5_raider_of_rohan_pl|Pillards du Rohan
trp_i6_warden_of_methuseld|Garde de Meduseld
trp_i6_warden_of_methuseld_pl|Gardes de Meduseld
trp_ac3_skirmisher_of_rohan|Tirailleur du Rohan
trp_ac3_skirmisher_of_rohan_pl|Tirailleurs du Rohan
trp_ac4_veteran_skirmisher_of_rohan|Tirailleur vétéran du Rohan
trp_ac4_veteran_skirmisher_of_rohan_pl|Archers vétérans du Rohan
trp_ac5_elite_skirmisher_of_rohan|Tirailleur d'élite du Rohan
trp_ac5_elite_skirmisher_of_rohan_pl|Tirailleurs d'élite du Rohan
trp_ac6_skirmisher_guard_of_rohan|Garde de Thengel du Rohan
trp_ac6_skirmisher_guard_of_rohan_pl|Gardes de Thengel du Rohan
trp_c4_lancer_of_rohan|Lancier du Rohan
trp_c4_lancer_of_rohan_pl|Lanciers du Rohan
trp_c5_elite_lancer_of_rohan|Lancier d'élite du Rohan
trp_c5_elite_lancer_of_rohan_pl|Lanciers d'élite du Rohan
trp_c6_lancer_guard_of_rohan|Garde de Brego du Rohan
trp_c6_lancer_guard_of_rohan_pl|Gardes de Brego du Rohan
trp_c6_king_s_man_of_rohan|Garde du roi
trp_c6_king_s_man_of_rohan_pl|Gardes du roi
trp_c2_squire_of_rohan|Écuyer du Rohan
trp_c2_squire_of_rohan_pl|Écuyers du Rohan
trp_c3_rider_of_rohan|Cavalier du Rohan
trp_c3_rider_of_rohan_pl|Cavaliers du Rohan
trp_c4_veteran_rider_of_rohan|Cavalier vétéran du Rohan
trp_c4_veteran_rider_of_rohan_pl|Cavaliers vétérans du Rohan
trp_c5_elite_rider_of_rohan|Cavalier d'élite du Rohan
trp_c5_elite_rider_of_rohan_pl|Cavaliers d'élite du Rohan
trp_c6_rider_guard_of_rohan|Garde d'Eorl du Rohan
trp_c6_rider_guard_of_rohan_pl|Gardes d'Eorl du Rohan
trp_i6_2h_guard_of_rohan|Garde de Helm du Rohan
trp_i6_2h_guard_of_rohan_pl|Gardes de Helm du Rohan
trp_ac3_dism_skirmisher_of_rohan2|Tirailleur du Rohan
trp_ac3_dism_skirmisher_of_rohan2_pl|Tirailleurs du Rohan
trp_ac4_dism_veteran_skirmisher_of_rohan2|Tirailleur vétéran du Rohan
trp_ac4_dism_veteran_skirmisher_of_rohan2_pl|Archers vétérans du Rohan
trp_ac5_dism_elite_skirmisher_of_rohan2|Tirailleur d'élite du Rohan
trp_ac5_dism_elite_skirmisher_of_rohan2_pl|Tirailleurs d'élite du Rohan
trp_i1_harad_levy|Recrue du Harad
trp_i1_harad_levy_pl|Recrues du Harad
trp_i3_harad_infantry|Fantassin léger du Harad
trp_i3_harad_infantry_pl|Fantassins légers du Harad
trp_i4_harad_spearman|Lancier du Harad
trp_i4_harad_spearman_pl|Lanciers du Harad
trp_i5_harad_tiger_guard|Garde Tigre
trp_i5_harad_tiger_guard_pl|Gardes Tigres
trp_i4_harad_swordsman|Épéiste du Harad
trp_i4_harad_swordsman_pl|Épéistes du Harad
trp_i5_harad_lion_guard|Garde du Lion
trp_i5_harad_lion_guard_pl|Gardes du Lion
trp_a3_harad_hunter|Chasseur du Harad
trp_a3_harad_hunter_pl|Chasseurs du Harad
trp_a4_harad_archer|Archer du Harad
trp_a4_harad_archer_pl|Archers du Harad
trp_a5_harad_eagle_guard|Garde de l'Aigle
trp_a5_harad_eagle_guard_pl|Gardes de l'Aigle
trp_c2_harondor_scout|Éclaireur de l'Harondor
trp_c2_harondor_scout_pl|Éclaireurs de l'Harondor
trp_c3_harondor_rider|Cavalier de l'Harondor
trp_c3_harondor_rider_pl|Cavaliers de l'Harondor
trp_c4_harondor_light_cavalry|Cavalier léger de l'Harondor
trp_c4_harondor_light_cavalry_pl|Cavaliers légers de l'Harondor
trp_c5_harondor_serpent_knight|Chevalier du Serpent d'Or
trp_c5_harondor_serpent_knight_pl|Chevaliers du Serpent d'Or
trp_ac3_harondor_skirmisher|Tirailleur du Harondor
trp_ac3_harondor_skirmisher_pl|Tirailleurs du Harondor
trp_ac4_harondor_horse_archer|Archer monté du Harondor
trp_ac4_harondor_horse_archer_pl|Archers montés du Harondor
trp_ac5_harondor_black_snake|Archer monté du Serpent noir
trp_ac5_harondor_black_snake_pl|Archers montés du Serpent noir
trp_i2_far_harad_tribesman|Guerrier tribal du Harad Lointain
trp_i2_far_harad_tribesman_pl|Guerriers tribaux du Harad Lointain
trp_i4_far_harad_champion|Champion du Harad Lointain
trp_i4_far_harad_champion_pl|Champions du Harad Lointain
trp_i5_far_harad_panther_guard|Garde de la Panthère
trp_i5_far_harad_panther_guard_pl|Gardes de la Panthère
trp_i1_dun_wildman|Homme sauvage dunlandais
trp_i1_dun_wildman_pl|Hommes sauvages dunlandais
trp_i2_dun_warrior|Guerrier dunlandais
trp_i2_dun_warrior_pl|Guerriers dunlandais
trp_i3_dun_pikeman|Piquier dunlandais
trp_i3_dun_pikeman_pl|Piquiers dunlandais
trp_i4_dun_vet_pikeman|Piquier vétéran dunlandais
trp_i4_dun_vet_pikeman_pl|Piquiers vétérans dunlandais
trp_ac4_dun_crebain_rider|Cavalier du Craban dunlandais
trp_ac4_dun_crebain_rider_pl|Cavaliers du Craban dunlandais
trp_i3_dun_vet_warrior|Guerrier vétéran dunlandais
trp_i3_dun_vet_warrior_pl|Guerriers vétérans dunlandais
trp_i4_dun_wolf_warrior|Guerrier du Loup dunlandais
trp_i4_dun_wolf_warrior_pl|Guerriers du Loup dunlandais
trp_i5_dun_wolf_guard|Garde du Loup dunlandais
trp_i5_dun_wolf_guard_pl|Gardes du Loup dunlandais
trp_ac5_dun_raven_rider|Corbeau de Nuit dunlandais
trp_ac5_dun_raven_rider_pl|Corbeaux de Nuit dunlandais
trp_i1_khand_bondsman|Serf khand
trp_i1_khand_bondsman_pl|Serfs khand
trp_i2_khand_pit_dog|Chien de fosse khand 
trp_i2_khand_pit_dog_pl|Chiens de fosse khand
trp_i3_khand_warrior|Guerrier khand
trp_i3_khand_warrior_pl|Guerriers khand 
trp_i4_khand_vet_warrior|Guerrier vétéran khand
trp_i4_khand_vet_warrior_pl|Guerriers vétérans khand
trp_i5_khand_war_master|Maître de guerre variag 
trp_i5_khand_war_master_pl|maîtres de guerre variag
trp_c2_khand_pony_rider|Cavalier sur poney de Khand 
trp_c2_khand_pony_rider_pl|Cavaliers sur poney de Khand 
trp_c3_khand_horseman|Cavalier khand 
trp_c3_khand_horseman_pl|Cavaliers khand 
trp_c4_khand_heavy_horseman|Cavalier lourd khand 
trp_c4_khand_heavy_horseman_pl|Cavaliers lourds khand 
trp_c5_khand_kataphrakt|Variag cuirassé
trp_c5_khand_kataphrakt_pl|Variags cuirassés
trp_c5_khand_lance_kataphrakt|Lancier variag
trp_c5_khand_lance_kataphrakt_pl|Lanciers variags
trp_i4_khand_halberdier|Épéiste khand
trp_i4_khand_halberdier_pl|Épéistes khand
trp_i5_khand_halberd_master|Maître hallebardier variag
trp_i5_khand_halberd_master_pl|Maîtres hallebardiers variag
trp_i3_khand_pitfighter|Gladiateur de Khand
trp_i3_khand_pitfighter_pl|Gladiateurs de Khand
trp_i4_khand_pit_champion|Gladiateur champion du Khand
trp_i4_khand_pit_champion_pl|Gladiateurs champions du Khand
trp_i5_khand_pit_master|Maître de l'arène variag 
trp_i5_khand_pit_master_pl|Maîtres de l'arène variag 
trp_ac3_khand_skirmisher|Tirailleur du Khand 
trp_ac3_khand_skirmisher_pl|Tirailleurs du Khand
trp_ac4_khand_vet_skirmisher|Tirailleur vétéran du Khand
trp_ac4_khand_vet_skirmisher_pl|Tirailleur vétéran du Khand 
trp_ac5_khand_heavy_skirmisher|Tirailleur lourd variag
trp_ac5_khand_heavy_skirmisher_pl|Tirailleurs lourds variags
trp_i1_corsair_youth|Marin d'Umbar
trp_i1_corsair_youth_pl|Marins d'Umbar
trp_i2_corsair_warrior|Guerrier d'Umbar
trp_i2_corsair_warrior_pl|Guerriers d'Umbar
trp_i3_corsair_spearman|Lancier d'Umbar
trp_i3_corsair_spearman_pl|Lanciers d'Umbar
trp_i4_corsair_raider|Pillard corsaire
trp_i4_corsair_raider_pl|Pillards corsaires
trp_i5_corsair_night_raider|Pilleur nocturne corsaire
trp_i5_corsair_night_raider_pl|Pilleurs nocturne corsaires
trp_a2_corsair_marine|Marin vétéran d'Umbar
trp_a2_corsair_marine_pl|Marins vétérans d'Umbar
trp_a3_corsair_marksman|Tireur d'élite d'Umbar
trp_a3_corsair_marksman_pl|Tireurs d'élite d'Umbar
trp_a4_corsair_veteran_marksman|Tireur d'élite vétéran d'Umbar
trp_a4_corsair_veteran_marksman_pl|Tireurs d'élite vétérans d'Umbar
trp_a5_corsair_master_marksman|Maître tireur d'élite Corsaire
trp_a5_corsair_master_marksman_pl|Maîtres-tireurs d'élite Corsaires
trp_i3_corsair_swordsman|Épéiste d'Umbar
trp_i3_corsair_swordsman_pl|Épéistes d'Umbar
trp_i4_corsair_veteran_swordsman|Épéiste vétéran d'Umbar
trp_i4_corsair_veteran_swordsman_pl|Épéistes vétérans d'Umbar
trp_i5_corsair_master_swordsman|Maître-épéiste corsaire
trp_i5_corsair_master_swordsman_pl|Maîtres-épéistes corsaires
trp_a4_corsair_assassin|Assassin corsaire
trp_a4_corsair_assassin_pl|Assassins corsaires
trp_a5_corsair_master_assassin|Assassin corsaire
trp_a5_corsair_master_assassin_pl|Assassins corsaires
trp_i4_corsair_veteran_spearman|Lancier vétéran d'Umbar
trp_i4_corsair_veteran_spearman_pl|Lanciers vétérans d'Umbar
trp_i5_corsair_master_spearman|Maître-lancier d'Umbar 
trp_i5_corsair_master_spearman_pl|Maîtres-lanciers d'Umbar 
trp_i5_corsair_master_pikeman|Maître-piquier d'Umbar 
trp_i5_corsair_master_pikeman_pl|Maîtres-piquiers d'Umbar 
trp_i1_isen_orc_snaga|Orque snaga de l'Isengard
trp_i1_isen_orc_snaga_pl|Orques snagas de l'Isengard
trp_i2_isen_orc|Orque de l'Isengard
trp_i2_isen_orc_pl|Orques de l'Isengard
trp_i3_isen_large_orc|Grand orque de l'Isengard
trp_i3_isen_large_orc_pl|Grands orques de l'Isengard
trp_i4_isen_fell_orc|Orque féroce de l'Isengard
trp_i4_isen_fell_orc_pl|Orques féroces de l'Isengard
trp_i3_isen_large_orc_despoiler|Grand orque saccageur
trp_i3_isen_large_orc_despoiler_pl|Grands orques saccageurs
trp_i4_isen_fell_orc_despoiler|Saccageur orque féroce
trp_i4_isen_fell_orc_despoiler_pl|Saccageurs orques féroces
trp_ac2_isen_wolf_rider|Chevaucheur de loup de l'Isengard
trp_ac2_isen_wolf_rider_pl|Chevaucheurs de loups de l'Isengard
trp_ac3_isen_warg_rider|Chevaucheur de warg de l'Isengard
trp_ac3_isen_warg_rider_pl|Chevaucheurs de wargs de l'Isengard
trp_ac4_isen_white_hand_rider|Cavalier de la Main Blanche
trp_ac4_isen_white_hand_rider_pl|Cavaliers de la Main Blanche
trp_warg_ghost_1b|Warg
trp_warg_ghost_1b_pl|Wargs
trp_warg_ghost_1c|Warg
trp_warg_ghost_1c_pl|Wargs
trp_warg_ghost_1d|Warg
trp_warg_ghost_1d_pl|Wargs
trp_warg_ghost_a1b|Warg
trp_warg_ghost_a1b_pl|Wargs
trp_warg_ghost_a1c|Warg en armure
trp_warg_ghost_a1c_pl|Wargs en armures
trp_warg_ghost_a2b|Warg en armure
trp_warg_ghost_a2b_pl|Wargs en armures
trp_warg_ghost_a2c|Warg en armure
trp_warg_ghost_a2c_pl|Wargs en armures
trp_warg_ghost_a3a|Warg en armure
trp_warg_ghost_a3a_pl|Wargs en armures
trp_warg_ghost_h|Warg gigantesque
trp_warg_ghost_h_pl|Wargs gigantesques
trp_a2_isen_uruk_tracker|Traqueur uruk-hai
trp_a2_isen_uruk_tracker_pl|Traqueurs uruk-hai
trp_a3_isen_large_uruk_tracker|Grand traqueur uruk-hai
trp_a3_isen_large_uruk_tracker_pl|Grands traqueurs uruk-hai
trp_a4_isen_fighting_uruk_tracker|Traqueur combattant uruk-hai
trp_a4_isen_fighting_uruk_tracker_pl|Traqueurs combattants uruk-hai
trp_i6_isen_uruk_berserker|Berserker combattant uruk-hai
trp_i6_isen_uruk_berserker_pl|Berserks combattants uruk-hai
trp_i1_isen_uruk_snaga|Nouveau-né uruk-hai
trp_i1_isen_uruk_snaga_pl|Nouveaux-nés uruk-hai
trp_i2_isen_uruk|Uruk-hai de l'Isengard
trp_i2_isen_uruk_pl|Uruk-hai de l'Isengard
trp_i3_isen_large_uruk|Grands Uruk-hai de l'Isengard
trp_i3_isen_large_uruk_pl|Grands Uruk-hai de l'Isengard
trp_i4_isen_fighting_uruk_warrior|Guerrier combattant uruk-hai
trp_i4_isen_fighting_uruk_warrior_pl|Guerriers combattants uruk-hai
trp_i5_isen_fighting_uruk_champion|Champion combattant uruk-hai
trp_i5_isen_fighting_uruk_champion_pl|Champions combattants uruk-hai
trp_i3_isen_uruk_pikeman|Piquier uruk-hai
trp_i3_isen_uruk_pikeman_pl|Piquiers uruk-hai
trp_i4_isen_fighting_uruk_pikeman|Piquier combattant uruk-hai
trp_i4_isen_fighting_uruk_pikeman_pl|Piquiers combattants uruk-hai
trp_i5_isen_uruk_standard_bearer|Porte-étendard uruk-hai
trp_i5_isen_uruk_standard_bearer_pl|Porte-étendards uruk-hai
trp_i1_mordor_uruk_snaga|Snaga uruk du Mordor
trp_i1_mordor_uruk_snaga_pl|Snagas uruks du Mordor
trp_i2_mordor_uruk|Uruk du Mordor
trp_i2_mordor_uruk_pl|Uruks du Mordor
trp_i3_mordor_large_uruk|Grand Uruk du Mordor
trp_i3_mordor_large_uruk_pl|Grands Uruks du Mordor
trp_i4_mordor_fell_uruk|Uruk féroce du Mordor
trp_i4_mordor_fell_uruk_pl|Uruks féroces du Mordor
trp_i3_mordor_uruk_slayer|Tueur uruk du Mordor
trp_i3_mordor_uruk_slayer_pl|Tueurs uruks du Mordor
trp_i4_mordor_fell_uruk_slayer|Tueur uruk féroce du Mordor
trp_i4_mordor_fell_uruk_slayer_pl|Tueurs uruks féroces du Mordor
trp_i5_mordor_black_uruk|Uruk noir de Barad-Dûr
trp_i5_mordor_black_uruk_pl|Uruks noirs de Barad-Dûr
trp_i5_mordor_uruk_standard_bearer|Porte-étendard du Mordor
trp_i5_mordor_uruk_standard_bearer_pl|Portes-étendards du Mordor
trp_troll_of_moria|Troll des cavernes
trp_troll_of_moria_pl|Trolls des cavernes
trp_armoured_troll|Troll en armure
trp_armoured_troll_pl|Trolls en armures
trp_olog_hai|Olog-hai du Mordor
trp_olog_hai_pl|Olog-hai du Mordor
trp_ent_old|Ent
trp_ent_old_pl|Ents
trp_i1_guldur_orc_snaga|Snaga orque de Dol Guldur
trp_i1_guldur_orc_snaga_pl|Snagas orques de Dol Guldur
trp_a2_guldur_orc_tracker|Traqueur orque de Dol Guldur
trp_a2_guldur_orc_tracker_pl|Traqueurs orque de Dol Guldur
trp_i1_mordor_orc_snaga|Snaga orque du Mordor
trp_i1_mordor_orc_snaga_pl|Snagas orques du Mordor
trp_i2_mordor_orc|Orque du Mordor
trp_i2_mordor_orc_pl|Orques du Mordor
trp_i3_mordor_large_orc|Grand orque du Mordor
trp_i3_mordor_large_orc_pl|Grands orques du Mordor
trp_i4_mordor_fell_orc|Orque féroce du Mordor
trp_i4_mordor_fell_orc_pl|Orques féroces du Mordor
trp_c3_mordor_warg_rider|Chevaucheur de warg de Gorgoroth
trp_c3_mordor_warg_rider_pl|Chevaucheurs de wargs de Gorgoroth
trp_c4_mordor_great_warg_rider|Grand chevaucheur de warg d'Udûn
trp_c4_mordor_great_warg_rider_pl|Grands chevaucheurs de wargs d'Udûn
trp_i2_mordor_morgul_orc|Orque de Minas Morgul
trp_i2_mordor_morgul_orc_pl|Orques de Minas Morgul
trp_i4_mordor_fell_morgul_orc|Orque féroce de Minas Morgul
trp_i4_mordor_fell_morgul_orc_pl|Orques féroces de Minas Morgul
trp_a3_guldur_large_orc_tracker|Grand orque traqueur de Dol Guldur
trp_a3_guldur_large_orc_tracker_pl|Grands orques traqueurs de Dol Guldur
trp_a4_guldur_fell_orc_tracker|Orque féroce traqueur de Dol Guldur
trp_a4_guldur_fell_orc_tracker_pl|Orques féroces traqueurs de Dol Guldur
trp_a2_mordor_orc_archer|Archer orque du Mordor
trp_a2_mordor_orc_archer_pl|Archers orques du Mordor
trp_a3_mordor_large_orc_archer|Grand archer orque du Mordor
trp_a3_mordor_large_orc_archer_pl|Grands archers orques du Mordor
trp_a4_mordor_fell_orc_archer|Archer orque féroce du Mordor
trp_a4_mordor_fell_orc_archer_pl|Archers orques féroces du Mordor
trp_c3_moria_wolf_rider|Chevaucheur de loup de la Moria
trp_c3_moria_wolf_rider_pl|Chevaucheurs de loups de la Moria
trp_c4_moria_warg_rider|Chevaucheur de warg de la Moria
trp_c4_moria_warg_rider_pl|Chevaucheurs de wargs de la Moria
trp_c5_moria_clan_rider|Cavalier du clan Bolg
trp_c5_moria_clan_rider_pl|Cavaliers du clan Bolg
trp_i1_moria_snaga|Snaga de la Moria
trp_i1_moria_snaga_pl|Snagas de la Moria
trp_i2_moria_goblin|Gobelin de la Moria
trp_i2_moria_goblin_pl|Gobelins de la Moria
trp_i3_moria_large_goblin|Grand gobelin de la Moria
trp_i3_moria_large_goblin_pl|Grands gobelins de la Moria
trp_i4_moria_fell_goblin|Gobelin féroce de la Moria
trp_i4_moria_fell_goblin_pl|Gobelins féroces de la Moria
trp_a2_moria_goblin_archer|Archer gobelin de la Moria
trp_a2_moria_goblin_archer_pl|Archers gobelins de la Moria
trp_a3_moria_large_goblin_archer|Grand archer gobelin de la Moria
trp_a3_moria_large_goblin_archer_pl|Grands archers gobelins de la Moria
trp_a4_moria_fell_goblin_archer|Archer gobelin féroce de la Moria
trp_a4_moria_fell_goblin_archer_pl|Archers gobelins féroces de la Moria
trp_i1_gunda_goblin|Gobelin de Gundabad
trp_i1_gunda_goblin_pl|Gobelins de Gundabad
trp_i2_gunda_orc|Orque de Gundabad
trp_i2_gunda_orc_pl|Orques de Gundabad
trp_i3_gunda_orc_fighter|Combattant orque de Gundabad
trp_i3_gunda_orc_fighter_pl|Combattants orques de Gundabad
trp_i4_gunda_orc_warrior|Guerrier orque de Gundabad
trp_i4_gunda_orc_warrior_pl|Guerriers orque de Gundabad
trp_i4_gunda_orc_berserker|Berserker orque de Gundabad
trp_i4_gunda_orc_berserker_pl|Berserkers orques de Gundabad
trp_ca4_gunda_skirmisher|Tirailleur de Gundabad
trp_ca4_gunda_skirmisher_pl|Tirailleurs de Gundabad
trp_ca5_gunda_clan_skirmisher|Tirailleur gobelin du clan du Nord
trp_ca5_gunda_clan_skirmisher_pl|Tirailleurs gobelins du clan du Nord
trp_c3_gunda_goblin_rider|Chevaucheur gobelin de Gundabad
trp_c3_gunda_goblin_rider_pl|Chevaucheurs gobelins de Gundabad
trp_c4_gunda_warg_rider|Chevaucheur de warg de Gundabad
trp_c4_gunda_warg_rider_pl|Chevaucheurs de wargs de Gundabad
trp_c5_gunda_clan_rider|Chevaucheur gobelin du clan du Nord
trp_c5_gunda_clan_rider_pl|Chevaucheurs gobelins du clan du Nord 
trp_i5_gunda_orc_champion|Champion orque de Gundabad
trp_i5_gunda_orc_champion_pl|Champions orques de Gundabad
trp_mountain_goblin2|Gobelin des montagnes
trp_mountain_goblin2_pl|Gobelins des montagnes
trp_tribal_orc2|Orque tribal
trp_tribal_orc2_pl|Orques tribaux
trp_i5_gunda_orc_champion2|Champion orque de Gundabad
trp_i5_gunda_orc_champion2_pl|Champions orques de Gundabad
trp_i2_mordor_num_renegade|Númenoréen noir renégat
trp_i2_mordor_num_renegade_pl|Númenoréens noirs renégats
trp_i3_mordor_num_warrior|Guerrier númenoréen noir
trp_i3_mordor_num_warrior_pl|Guerriers númenoréens noirs
trp_i4_mordor_num_vet_warrior|Guerrier vétéran númenoréen noir
trp_i4_mordor_num_vet_warrior_pl|Guerriers vétérans númenoréens noirs
trp_i5_mordor_num_champion|Champion númenoréen noir
trp_i5_mordor_num_champion_pl|Champions númenoréens noirs
trp_i5_mordor_num_assassin|Assassin númenoréen noir
trp_i5_mordor_num_assassin_pl|Assassins númenoréens noirs
trp_c4_mordor_num_horseman|Cavalier númenoréen noir
trp_c4_mordor_num_horseman_pl|Cavaliers númenoréens noirs
trp_c5_mordor_num_knight|Maître-cavalier númenoréen noir
trp_c5_mordor_num_knight_pl|Maîtres-cavaliers númenoréens noirs
trp_noldorin_commander|Commandant noldorin
trp_noldorin_commander_pl|Commandants noldorins
trp_elf_captain_of_lothlorien|Capitaine elfe de la Lothlórien
trp_elf_captain_of_lothlorien_pl|Capitaines elfes de la Lothlórien
trp_lothlorien_lieutenant|Lieutenant de la Lothlórien
trp_lothlorien_lieutenant_pl|Lieutenants de la Lothlórien
trp_elf_captain_of_mirkwood|Capitaine elfe de Vertbois
trp_elf_captain_of_mirkwood_pl|Capitaines elfes de Vertbois
trp_mirkwood_lieutenant|Lieutenant de Vertbois
trp_mirkwood_lieutenant_pl|Lieutenants de Vertbois
trp_elf_captain_of_rivendell|Capitaine elfe de Fendeval
trp_elf_captain_of_rivendell_pl|Capitaines elfes de Fendeval
trp_rivendell_lieutenant|Lieutenant de Fendeval
trp_rivendell_lieutenant_pl|Lieutenants de Fendeval
trp_lieutenant_of_rohan|Lieutenant du Rohan
trp_lieutenant_of_rohan_pl|Lieutenants du Rohan
trp_captain_of_rohan|Capitaine du Rohan
trp_captain_of_rohan_pl|Capitaines du Rohan
trp_high_captain_of_rohan|Haut-capitaine du Rohan
trp_high_captain_of_rohan_pl|Hauts-capitaines du Rohan
trp_lieutenant_of_isengard|Lieutenant de l'Isengard
trp_lieutenant_of_isengard_pl|Lieutenants de l'Isengard
trp_captain_of_isengard|Capitaine de l'Isengard
trp_captain_of_isengard_pl|Capitaines de l'Isengard
trp_high_captain_of_isengard|Haut-capitaine de l'Isengard
trp_high_captain_of_isengard_pl|Hauts-capitaines de l'Isengard
trp_lieutenant_of_mordor|Lieutenant du Mordor
trp_lieutenant_of_mordor_pl|Lieutenants du Mordor
trp_captain_of_mordor|Capitaine du Mordor
trp_captain_of_mordor_pl|Capitaines du Mordor
trp_high_captain_of_mordor|Haut-capitaine du Mordor
trp_high_captain_of_mordor_pl|Hauts-capitaines du Mordor 
trp_easterling_chieftain|Chef de clan variag
trp_easterling_chieftain_pl|Chefs de clan variag
trp_easterling_lieutenant|Prêtre de guerre variag
trp_easterling_lieutenant_pl|Prêtres de guerre variag
trp_harad_chieftain|Chef de clan du Harad
trp_harad_chieftain_pl|Chefs de clan du Harad
trp_harad_lieutenant|Lieutenant du Harad
trp_harad_lieutenant_pl|Lieutenants du Harad
trp_black_numenorean_captain|Capitaine númenoréen noir
trp_black_numenorean_captain_pl|Capitaines númenoréens noirs
trp_black_numenorean_lieutenant|Lieutenant númenoréen noir
trp_black_numenorean_lieutenant_pl|Lieutenants númenoréens noirs
trp_a5_dun_night_wolf|Loup nocturne dunlandais
trp_a5_dun_night_wolf_pl|Loups nocturne dunlandais
trp_dunnish_lieutenant|Lieutenant dunlandais
trp_dunnish_lieutenant_pl|Lieutenants dunlandais
trp_goblin_chieftain|Chef de clan gobelin
trp_goblin_chieftain_pl|Chefs de clan gobelin
trp_captain_of_gondor|Capitaine du Gondor
trp_captain_of_gondor_pl|Capitaines du Gondor
trp_nobleman|Noble
trp_nobleman_pl|Nobles
trp_gondor_agent|Agent du Gondor
trp_gondor_agent_pl|Agents du Gondor
trp_rohan_agent|Agent du Rohan
trp_rohan_agent_pl|Agents du Rohan
trp_mordor_agent|Agent du Mordor
trp_mordor_agent_pl|Agents du Mordor
trp_isengard_agent|Agent de l'Isengard
trp_isengard_agent_pl|Agents de l'Isengard
trp_looter|Pillard
trp_looter_pl|Pillards
trp_bandit|Bandit
trp_bandit_pl|Bandits
trp_brigand|Brigand
trp_brigand_pl|Brigands
trp_mountain_bandit|Bandit des montagnes
trp_mountain_bandit_pl|Bandits des montagnes
trp_forest_bandit|Bandit des forêts
trp_forest_bandit_pl|Bandits des forêts
trp_sea_raider|Pirate
trp_sea_raider_pl|Pirates
trp_steppe_bandit|Bandit des steppes
trp_steppe_bandit_pl|Bandits des steppes
trp_manhunter|Chasseur de primes
trp_manhunter_pl|Chasseurs de prime
trp_kidnapped_girl|Fille enlevée
trp_kidnapped_girl_pl|Filles enlevées
trp_refugee|Réfugié
trp_refugee_pl|Réfugiés
trp_peasant_woman|Paysanne
trp_peasant_woman_pl|Paysannes
trp_caravan_master|Maître de caravane
trp_caravan_master_pl|Maîtres de caravane
trp_caravan_guard|Garde de caravane
trp_caravan_guard_pl|Gardes de caravane
trp_messenger_man|Messager
trp_messenger_man_pl|Messagers
trp_messenger_elf|Messager
trp_messenger_elf_pl|Messagers
trp_messenger_dwarf|Messager
trp_messenger_dwarf_pl|Messagers
trp_messenger_orc|Messager
trp_messenger_orc_pl|Messagers
trp_messenger_evil_man|Messager
trp_messenger_evil_man_pl|Messagers
trp_town_walker_1|Citadin
trp_town_walker_1_pl|Citadins
trp_town_walker_2|Citadine
trp_town_walker_2_pl|Citadines
trp_village_walker_1|Villageois
trp_village_walker_1_pl|Villageois
trp_village_walker_2|Villageois
trp_village_walker_2_pl|Villageois
trp_spy_walker_1|Citadin
trp_spy_walker_1_pl|Citadins
trp_spy_walker_2|Citadine
trp_spy_walker_2_pl|Citadines
trp_walker_man_gondor_black|Citadin
trp_walker_man_gondor_white|Citadin
trp_walker_man_gondor_blue|Citadin
trp_walker_man_gondor_green|Citadin
trp_walker_man_rohan_t|Citadin du Rohan
trp_walker_man_rohan_d|Citadin du Rohan
trp_walker_woman_rohan_t|Jeune fille du Rohan
trp_walker_woman_rohan_d|Jeune fille du Rohan
trp_walker_woman_gondor_b|Femme du Gondor
trp_walker_woman_gondor_bw|Femme du Gondor
trp_walker_woman_gondor_w|Noble du Gondor
trp_mirkwood_walker_1|Elfe de Vertbois
trp_mirkwood_walker_2|Elfe de Vertbois
trp_lorien_walker_1|Elfe de la Lothlórien
trp_lorien_walker_2|Elfe de la Lothlórien
trp_dwarf_walker|Nain
trp_beorn_walker|Paysan
trp_beorn_walker_fem|Paysanne
trp_trainer_4|Mentor
trp_trainer_gondor|Mentor
trp_trainer_rohan|Mentor
trp_trainer_dale|Mentor
trp_trainer_elf|Mentor
trp_trainer_beorn|Mentor
trp_trainer_dwarf|Mentor
trp_trainer_mordor|Mentor
trp_trainer_isengard|Mentor
trp_trainer_khand|Mentor
trp_trainer_rhun|Mentor
trp_trainer_harad|Mentor
trp_trainer_umbar|Mentor
trp_ransom_broker_1|Rançonneur
trp_ransom_broker_2|Rançonneur
trp_ransom_broker_3|Rançonneur
trp_ransom_broker_4|Rançonneur
trp_ransom_broker_5|Rançonneur
trp_ransom_broker_6|Rançonneur
trp_ransom_broker_7|Rançonneur
trp_ransom_broker_8|Rançonneur
trp_ransom_broker_9|Rançonneur
trp_ransom_broker_10|Rançonneur
trp_tavern_traveler_1|Voyageur
trp_tavern_traveler_2|Voyageur
trp_tavern_traveler_3|Voyageur
trp_tavern_traveler_4|Voyageur
trp_tavern_traveler_5|Voyageur
trp_tavern_traveler_6|Voyageur
trp_tavern_traveler_7|Voyageur
trp_tavern_traveler_8|Voyageur
trp_tavern_traveler_9|Voyageur
trp_tavern_traveler_10|Voyageur
trp_tavern_minstrel_1|Ménestrel
trp_npc1|Mablung
trp_npc2|Cirdil
trp_npc3|Ulfas
trp_npc4|Galmyne
trp_npc5|Glorfindel
trp_npc6|Luevanna
trp_npc7|Kili Doigtsdorés
trp_npc8|Faniul
trp_npc9|Gulm
trp_npc10|Durgash
trp_npc11|Ufthak
trp_npc12|Gorbag
trp_npc13|Lykyada
trp_npc14|Fuldimir
trp_npc15|Bolzog
trp_npc16|Varfang
trp_npc17|Dimborn
trp_knight_6_2|Golasgil
trp_gondor_lord|Intendant Denethor
trp_gondor_lord_pl|Intendant
trp_rohan_lord|Roi Théoden
trp_rohan_lord_pl|Roi
trp_isengard_lord|Saruman
trp_isengard_lord_pl|Maître
trp_mordor_lord|Bouche de Sauron
trp_mordor_lord_pl|Satrap
trp_harad_lord|Chef Ul-Ulcari
trp_harad_lord_pl|Chef
trp_rhun_lord|Jarl Helcaroth
trp_rhun_lord_pl|Jarl
trp_khand_lord|Shibh Krukmahur
trp_khand_lord_pl|Shibh
trp_umbar_lord|Amiral Tulmir
trp_umbar_lord_pl|Amiral
trp_lorien_lord|Dame Galadriel
trp_lorien_lord_pl|Dame
trp_imladris_lord|Seigneur Elrond
trp_imladris_lord_pl|Seigneur
trp_woodelf_lord|Roi Thranduil
trp_woodelf_lord_pl|Roi
trp_moria_lord|Maître Bolg l'Inférieur
trp_moria_lord_pl|Maître
trp_guldur_lord|Maître Fuinur
trp_guldur_lord_pl|Maître
trp_gundabad_lord|Maître Burza Krual
trp_gundabad_lord_pl|Maître
trp_dale_lord|Roi Brand
trp_dale_lord_pl|Roi
trp_dwarf_lord|Roi Dáin II Pied de Fer
trp_dwarf_lord_pl|Roi
trp_dunland_lord|Chef Daeglaf le Noir
trp_dunland_lord_pl|Chef
trp_beorn_lord|Chef Grimbeorn le Vieux
trp_beorn_lord_pl|Chef
trp_lorien_marshall|Celeborn
trp_knight_1_1|Angbor l'Intrépide
trp_knight_1_2|Húrin des Clefs
trp_knight_1_3|Prince Imrahil
trp_knight_1_4|Orthalion
trp_knight_1_5|Duinhir
trp_knight_1_6|Hirluin le Beau
trp_knight_1_7|Faramir
trp_knight_1_8|Forlong le Gros
trp_knight_1_9|Grimbold
trp_knight_1_10|Erkenbrand
trp_knight_1_11|Elfhelm
trp_knight_1_12|Hama
trp_knight_1_13|Gamling
trp_knight_1_14|Éomer
trp_knight_1_15|Ugluk
trp_knight_1_16|Mauhur
trp_knight_1_17|Mog Sept-Doigts
trp_knight_1_18|Hushnak Longues-Jambes
trp_knight_1_19|Gridash le Bûcheron
trp_knight_1_20|Gronkle Mangeur-d'Hommes
trp_knight_2_1|Capitaine Mortakh
trp_knight_2_2|Berúthiel
trp_knight_2_3|Skang
trp_knight_2_4|Pharakhâd le Bâtard
trp_knight_2_5|Grishnakh
trp_knight_2_51|Gothmog
trp_knight_2_51_pl|Lieutenant
trp_knight_2_6|Chef Karna le Lion
trp_knight_2_7|Chef Na’man
trp_knight_2_8|Chef Haarith
trp_knight_2_11|Kusulak
trp_knight_2_12|Ulwarth le Balchoth
trp_knight_2_13|Brodda
trp_knight_2_16|Torask
trp_knight_2_17|Lurmsakun
trp_knight_3_1|Capitaine Morbir
trp_knight_3_2|Capitaine Angamaitë
trp_knight_3_3|Capitaine Sangahyando
trp_knight_3_6|Haldir
trp_knight_3_7|Orophin
trp_knight_3_11|Elladan
trp_knight_3_12|Elrohir
trp_knight_3_13|Halbarad
trp_knight_3_16|Miriel
trp_knight_3_17|Gladvaethor
trp_knight_4_1|Maître Snog
trp_knight_4_2|Maître Snotgor
trp_knight_4_6|Général Tuskim
trp_knight_4_7|Général Mugslag
trp_knight_4_11|Ruel
trp_knight_4_12|Beranor Poil-Noir
trp_knight_4_16|Contremaître Brolgukhsh
trp_knight_4_17|Contremaître Grumrunt
trp_knight_4_18|Contremaître Grimsob
trp_knight_5_1|Seigneur Halward
trp_knight_5_2|Seigneur Bard
trp_knight_5_3|Seigneur Esgarain
trp_knight_5_6|Fulgni Barbe-Longue
trp_knight_5_7|Thorin Heaume-de-Pierre
trp_knight_5_11|Chef Fudreim
trp_knight_5_12|Chef Wulf
trp_knight_6_1|Dervorin
trp_smith_mtirith|Berethor le forgeron
trp_smith_mtirith_pl|Les forgerons de l'Intendant
trp_smith_pelargir|Hallatan le Manieur de Métal
trp_smith_pelargir_pl|la Forge
trp_smith_linhir|Bor l'Armurier
trp_smith_linhir_pl|la Forge
trp_smith_dolamroth|Haldad le Forgeron
trp_smith_dolamroth_pl|les forgerons d'Amroth
trp_smith_edhellond|Ryis le Plieur de Fer
trp_smith_edhellond_pl|la Forge
trp_smith_lossarnach|Berin le Fabriquant de haches
trp_smith_lossarnach_pl|la Forge
trp_smith_tarnost|Harandil Marteau de Fer
trp_smith_tarnost_pl|la Forge
trp_smith_erech|Lorne le Noir
trp_smith_erech_pl|la Forge
trp_smith_pinnath|Tarandil le Fabriquant d’épées
trp_smith_pinnath_pl|la Forge
trp_smith_eosgiliath|Bzurg le Pillard
trp_smith_eosgiliath_pl|la Forge
trp_smith_wosgiliath|Gardil
trp_smith_wosgiliath_pl|la Forge improvisée
trp_smith_calembel|Agronome
trp_smith_calembel_pl|la Forge
trp_smith_hannun|Fal le Forgeron des Coureurs
trp_smith_hannun_pl|Corps de Garde Coureur 
trp_smith_candros|Kalimdor
trp_smith_candros_pl|la Forge
trp_smith_edoras|Eaoden Maître de l'Acier
trp_smith_edoras_pl|la Forge du Roi
trp_smith_aldburg|Fulm Sabot de Fer
trp_smith_aldburg_pl|la Forge
trp_smith_hornburg|Aldhelm
trp_smith_hornburg_pl|la Forge
trp_smith_eastemnet|Eadfrid
trp_smith_eastemnet_pl|la Forge
trp_smith_westfold|Deor Fabriquant de Heaumes
trp_smith_westfold_pl|la Forge
trp_smith_westemnet|Armurier
trp_smith_westemnet_pl|la Forge
trp_smith_eastfold|Eaderan Sculpteur de Fer
trp_smith_eastfold_pl|la Forge
trp_smith_morannon|Hurbag Forgeur de Porte
trp_smith_morannon_pl|la Forge
trp_smith_mmorgul|Orgurz Vomisseur de Feu
trp_smith_mmorgul_pl|la Forge
trp_town_24_smith|Boz le Plieur de Fer
trp_town_24_smith_pl|la Forge
trp_smith_orc_patrol|Glugz Doigt de Fer
trp_smith_orc_patrol_pl|la Forge du camp
trp_smith_oscamp|Kugash Amant de Fer
trp_smith_oscamp_pl|la Forge du camp
trp_smith_isengard|Burz Cogneur de Fer
trp_smith_isengard_pl|la Forge souterraine
trp_smith_uoutpost|Gurzuk Dent de Fer
trp_smith_uoutpost_pl|la Forge de l'avant-poste
trp_smith_uhcamp|Rabzug Mangeur de Rouille
trp_smith_uhcamp_pl|la Forge du camp
trp_smith_urcamp|Glurk
trp_smith_urcamp_pl|la Forge du camp
trp_smith_cgaladhon|Dirufin l'Archer
trp_smith_cgaladhon_pl|Fabricants d'armes elfiques
trp_smith_cdolen|Dimirian le fabriquant de flèches
trp_smith_cdolen_pl|Fabricants d'armes elfiques
trp_smith_camroth|Getasistan
trp_smith_camroth_pl|Fabricants d'armes elfiques
trp_smith_thranduils_halls|Thurinor
trp_smith_thranduils_halls_pl|la Forge
trp_smith_woodelf_camp|Calechir
trp_smith_woodelf_camp_pl|la Forge
trp_smith_beorn|Beornalaf le fabriquant de haches
trp_smith_beorn_pl|la Forge
trp_smith_moria|Burgak Forgeron
trp_smith_moria_pl|la Forge
trp_smith_dale|Ardel Main de Feu
trp_smith_dale_pl|la Forge
trp_smith_esgaroth|Kelegarn l'Archer
trp_smith_esgaroth_pl|la Forge
trp_smith_erebor|Thror le Marteleur
trp_smith_erebor_pl|les légendaires Forges naines
trp_smith_dunland|Dorrowuld Piquefer
trp_smith_dunland_pl|la Forge
trp_smith_harad|Har Plielacier
trp_smith_harad_pl|la Forge
trp_smith_khand|Pushurt le Marchandeur
trp_smith_khand_pl|la Forge
trp_smith_umbar|Fuinir le Forgeron
trp_smith_umbar_pl|la Forge
trp_smith_imladris|Duifirian
trp_smith_imladris_pl|Fabricants d'armes elfiques
trp_smith_dolguldur|Shtazg Dulbash
trp_smith_dolguldur_pl|la Forge
trp_smith_north_rhun|Ognjemir Kladivo
trp_smith_north_rhun_pl|forge de fortune
trp_smith_gundabad|Blurg Vendeurneige
trp_smith_gundabad_pl|la Forge
trp_smith_ironhill|la Forge des Collines de Fer
trp_smith_ironhill_pl|Les forgerons du camp nains
trp_town_50_weaponsmith|Shruklug l'aiguiseur de couteaux
trp_town_50_weaponsmith_pl|la Forge
trp_smith_gondor_ac|Bor l'armurier
trp_smith_gondor_ac_pl|La forge du camp
trp_smith_rohan_ac|Deor fabriquant de heaumes
trp_smith_rohan_ac_pl|La forge du camp
trp_smith_mordor_ac|Hurbag Forgeur de Porte
trp_smith_mordor_ac_pl|la Forge
trp_smith_isengard_ac|Burz Cogneur de Fer
trp_smith_isengard_ac_pl|la Forge souterraine
trp_smith_lorien_ac|Dimirian le fabriquant de flèches
trp_smith_lorien_ac_pl|Fabricants d'armes elfiques
trp_smith_woodelf_ac|Dhoelath
trp_smith_woodelf_ac_pl|la Forge
trp_smith_dwarf_ac|La forge des Collines de Fer
trp_smith_dwarf_ac_pl|Les forgerons du camp des nains
trp_smith_gundabad_ac|Blurg Vendeurneige
trp_smith_gundabad_ac_pl|la Forge
trp_smith_rhun_ac|Branimir Bronnik
trp_smith_rhun_ac_pl|forge de fortune
trp_smith_guldur_ac|Shtazg Dulbash
trp_smith_guldur_ac_pl|la Forge
trp_smith_imladris_ac|Duifirian
trp_smith_imladris_ac_pl|Fabricants d'armes elfiques
trp_smith_dunland_ac|Dorrowuld Piquefer
trp_smith_dunland_ac_pl|la Forge
trp_smith_harad_ac|Har Plielacier
trp_smith_harad_ac_pl|la Forge
trp_smith_khand_ac|Pushurt le Marchandeur
trp_smith_khand_ac_pl|la Forge
trp_smith_umbar_ac|Fuinir le forgeron
trp_smith_umbar_ac_pl|la Forge
trp_smith_moria_ac|Burgak le forgeron
trp_smith_moria_ac_pl|la Forge
trp_smith_dale_ac|Ardel Main de Feu
trp_smith_dale_ac_pl|la Forge
trp_smith_beorn_ac|Beornalaf le fabriquant de haches
trp_smith_beorn_ac_pl|la Forge
trp_smith_woodelf_west_camp|Dhoelath
trp_smith_woodelf_west_camp_pl|la Forge
trp_smith_woodmen|Beornalaf le fabriquant de haches
trp_smith_woodmen_pl|la Forge
trp_smith_beorn_v|Beornalaf le fabriquant de haches
trp_smith_beorn_v_pl|la Forge
trp_smith_troll_cave|Burgak le forgeron
trp_smith_troll_cave_pl|la Forge
trp_smith_dg_outpost|Shtazg Dulbash
trp_smith_dg_outpost_pl|la Forge
trp_smith_main_rhun|Branimir Bronnik
trp_smith_main_rhun_pl|forge de fortune
trp_smith_south_rhun|Branimir Bronnik
trp_smith_south_rhun_pl|forge de fortune
trp_smith_gundabad_ne|Blurg Vendeurneige
trp_smith_gundabad_ne_pl|la Forge
trp_smith_gundabad_nw|Blurg Vendeurneige
trp_smith_gundabad_nw_pl|la Forge
trp_smith_gundabad_s|Blurg Vendeurneige
trp_smith_gundabad_s_pl|la Forge
trp_smith_gundabad_m|Blurg Vendeurneige
trp_smith_gundabad_m_pl|la Forge
trp_barman_eastemnet|Tavernier
trp_barman_eastemnet_pl|le Château
trp_barman_westfold|Tavernier
trp_barman_westfold_pl|le Château
trp_barman_westemnet|Tavernier
trp_barman_westemnet_pl|le Château
trp_barman_eastfold|Tavernier
trp_barman_eastfold_pl|le Château
trp_barman_baraddur|Tavernier
trp_barman_baraddur_pl|le Château
trp_barman_morannon|Tavernier
trp_barman_morannon_pl|la caverne du chef
trp_barman_mmorgul|Tavernier
trp_barman_mmorgul_pl|la Tour
trp_merchant_main_rhun|Maître de l'approvisionnement
trp_merchant_main_rhun_pl|la réserve du camp
trp_merchant_dg_outpost|Maître de l'approvisionnement
trp_merchant_dg_outpost_pl|l'écurie et l'entrepôt
trp_merchant_woodelf_west_camp|Maître de l'approvisionnement
trp_merchant_woodelf_west_camp_pl|l'entrepôt des elfes
trp_merchant_gundabad_m|Maître de l'approvisionnement
trp_merchant_gundabad_m_pl|la réserve du camp
trp_merchant_gundabad_s|Maître de l'approvisionnement
trp_merchant_gundabad_s_pl|la réserve du camp
trp_merchant_gundabad_nw|Maître de l'approvisionnement
trp_merchant_gundabad_nw_pl|la réserve du camp
trp_merchant_gundabad_ne|Maître de l'approvisionnement
trp_merchant_gundabad_ne_pl|la réserve du camp
trp_merchant_troll_cave|Maître de l'approvisionnement
trp_merchant_troll_cave_pl|la fosse à wargs et l'entrepôt
trp_merchant_beorn_v|Maître de l'approvisionnement
trp_merchant_beorn_v_pl|l'écurie et l'entrepôt
trp_merchant_orc_sentry|Maître de l'approvisionnement
trp_merchant_orc_sentry_pl|la réserve du camp
trp_merchant_candros|Maître de l'approvisionnement
trp_merchant_candros_pl|l'écurie et l'entrepôt
trp_merchant_hannun|Maître de l'approvisionnement
trp_merchant_hannun_pl|provisions de Coureur
trp_merchant_mtirith|Maître de l'approvisionnement
trp_merchant_mtirith_pl|l'écurie et l'entrepôt
trp_merchant_pelargir|Maître de l'approvisionnement
trp_merchant_pelargir_pl|l'écurie et l'entrepôt
trp_merchant_linhir|Maître de l'approvisionnement
trp_merchant_linhir_pl|l'écurie et l'entrepôt
trp_merchant_dolamroth|Maître de l'approvisionnement
trp_merchant_dolamroth_pl|l'écurie et l'entrepôt
trp_merchant_edhellond|Maître de l'approvisionnement
trp_merchant_edhellond_pl|l'écurie et l'entrepôt
trp_merchant_lossarnach|Maître de l'approvisionnement
trp_merchant_lossarnach_pl|l'écurie et l'entrepôt
trp_merchant_tarnost|Maître de l'approvisionnement
trp_merchant_tarnost_pl|l'écurie et l'entrepôt
trp_merchant_erech|Maître de l'approvisionnement
trp_merchant_erech_pl|l'écurie et l'entrepôt
trp_merchant_pinnath|Maître de l'approvisionnement
trp_merchant_pinnath_pl|l'écurie et l'entrepôt
trp_merchant_eosgiliath|Maître de l'approvisionnement
trp_merchant_eosgiliath_pl|l'écurie et l'entrepôt
trp_merchant_wosgiliath|Maître de l'approvisionnement
trp_merchant_wosgiliath_pl|l'écurie et l'entrepôt
trp_town_12_horse_merchant|Maître de l'approvisionnement
trp_town_12_horse_merchant_pl|l'écurie et l'entrepôt
trp_town_13_horse_merchant|Maître de l'approvisionnement
trp_town_13_horse_merchant_pl|l'écurie et l'entrepôt
trp_merchant_edoras|Maîtresse de l'approvisionnement
trp_merchant_edoras_pl|l'écurie et l'entrepôt
trp_merchant_aldburg|Maître de l'approvisionnement
trp_merchant_aldburg_pl|l'écurie du roi et l'entrepôt
trp_merchant_hornburg|Maître de l'approvisionnement
trp_merchant_hornburg_pl|l'écurie et l'entrepôt
trp_merchant_eastemnet|Maître de l'approvisionnement
trp_merchant_eastemnet_pl|l'écurie et l'entrepôt
trp_merchant_westfold|Maîtresse de l'approvisionnement
trp_merchant_westfold_pl|l'écurie et l'entrepôt
trp_merchant_westemnet|Maîtresse de l'approvisionnement
trp_merchant_westemnet_pl|l'écurie et l'entrepôt
trp_merchant_eastfold|Maîtresse de l'approvisionnement
trp_merchant_eastfold_pl|l'écurie et l'entrepôt
trp_town_21_horse_merchant|Maître de l'approvisionnement
trp_town_21_horse_merchant_pl|fosse et entrepôt
trp_merchant_morannon|Maître de l'approvisionnement
trp_merchant_morannon_pl|fosse et entrepôt
trp_merchant_mmorgul|Maître de l'approvisionnement
trp_merchant_mmorgul_pl|fosse et entrepôt
trp_town_24_horse_merchant|Maître de l'approvisionnement
trp_town_24_horse_merchant_pl|fosse et entrepôt
trp_merchant_orc_patrol|Maître de l'approvisionnement
trp_merchant_orc_patrol_pl|Planque du camp
trp_merchant_isengard|Maître de l'approvisionnement
trp_merchant_isengard_pl|Planque du camp
trp_town_27_horse_merchant|Maître de l'approvisionnement
trp_town_27_horse_merchant_pl|la fosse à wargs et l'entrepôt
trp_merchant_uoutpost|Maître de l'approvisionnement
trp_merchant_uoutpost_pl|la fosse à wargs et l'entrepôt
trp_merchant_uhcamp|Maître de l'approvisionnement
trp_merchant_uhcamp_pl|la fosse à wargs et l'entrepôt
trp_merchant_urcamp|Maître de l'approvisionnement
trp_merchant_urcamp_pl|la fosse à wargs et l'entrepôt
trp_merchant_cgaladhon|Maître de l'approvisionnement
trp_merchant_cgaladhon_pl|l'entrepôt des elfes
trp_merchant_cdolen|Maître de l'approvisionnement
trp_merchant_cdolen_pl|l'entrepôt des elfes
trp_merchant_camroth|Maître de l'approvisionnement
trp_merchant_camroth_pl|l'entrepôt des elfes
trp_merchant_thranduils_halls|Maître de l'approvisionnement
trp_merchant_thranduils_halls_pl|l'entrepôt des elfes
trp_merchant_woodelf_camp|Maître de l'approvisionnement
trp_merchant_woodelf_camp_pl|l'entrepôt des elfes
trp_merchant_woodmen|Maître de l'approvisionnement
trp_merchant_woodmen_pl|l'écurie et l'entrepôt
trp_merchant_beorn|Maître de l'approvisionnement
trp_merchant_beorn_pl|l'écurie et l'entrepôt
trp_merchant_moria|Maître de l'approvisionnement
trp_merchant_moria_pl|la fosse à wargs et l'entrepôt
trp_merchant_dale|Maître de l'approvisionnement
trp_merchant_dale_pl|l'écurie et l'entrepôt
trp_merchant_esgaroth|Maître de l'approvisionnement
trp_merchant_esgaroth_pl|l'écurie et l'entrepôt
trp_merchant_erebor|Maître de l'approvisionnement
trp_merchant_erebor_pl|l'entrepôt nain
trp_merchant_dunland|Maître de l'approvisionnement dunlandais
trp_merchant_dunland_pl|la réserve du camp
trp_merchant_harad|Maître des provisions du Harad
trp_merchant_harad_pl|la réserve du camp
trp_merchant_khand|Maître de l'approvisionnement de Khand
trp_merchant_khand_pl|la réserve du camp
trp_merchant_umbar|Maître de l'approvisionnement
trp_merchant_umbar_pl|la réserve du camp
trp_merchant_imladris|Maître de l'approvisionnement
trp_merchant_imladris_pl|provisions du camp
trp_merchant_dolguldur|Maître de l'approvisionnement
trp_merchant_dolguldur_pl|l'écurie et l'entrepôt
trp_merchant_north_rhun|Maître de l'approvisionnement
trp_merchant_north_rhun_pl|la réserve du camp
trp_merchant_south_rhun|Maître de l'approvisionnement
trp_merchant_south_rhun_pl|la réserve du camp
trp_merchant_gundabad|Maître de l'approvisionnement
trp_merchant_gundabad_pl|la réserve du camp
trp_merchant_ironhill|Maître de l'approvisionnement
trp_merchant_ironhill_pl|provisions naines
trp_town_50_horse_merchant|Gobrip les Dents-Jaunes
trp_town_50_horse_merchant_pl|la fosse à wargs et l'entrepôt
trp_merchant_calembel|Maître de l'approvisionnement
trp_merchant_calembel_pl|l'écurie et l'entrepôt
trp_elder_mtirith|Maître de guilde de Tirith
trp_elder_mtirith_pl|La Cité Blanche
trp_elder_pelargir|Maître de guilde des marins
trp_elder_pelargir_pl|la Cité
trp_elder_linhir|Maître de guilde de Linhir
trp_elder_linhir_pl|la Cité
trp_elder_dolamroth|Maître de guilde de Dol Amroth
trp_elder_dolamroth_pl|la Cité
trp_elder_edhellond|Maître de guilde d'Edhellond
trp_elder_edhellond_pl|la Cité
trp_elder_lossarnach|Maître de guilde du Lossarnach
trp_elder_lossarnach_pl|la Ville
trp_elder_tarnost|Maître de guilde de Tarnost
trp_elder_tarnost_pl|la Ville
trp_elder_erech|Maître de guilde de Erech
trp_elder_erech_pl|la Ville
trp_elder_pinnath|l'Ancien de la tribu de Pinnath
trp_elder_pinnath_pl|la Ville
trp_elder_ethring|Maître de guilde de Calembel
trp_elder_ethring_pl|la Cité
trp_elder_henneth|Maître de guilde des Coureurs
trp_elder_henneth_pl|Le Repaire
trp_elder_cairandros|Maître de guilde de Cair Andros
trp_elder_cairandros_pl|La forteresse de l'île
trp_elder_edoras|Thain d'Edoras
trp_elder_edoras_pl|la Cité
trp_elder_aldburg|Thain d'Aldburg
trp_elder_aldburg_pl|la Ville
trp_elder_hornburg|Thain de la Ferté-au-Cor
trp_elder_hornburg_pl|La forteresse
trp_elder_eastemnet|Thain de l'Estemnet
trp_elder_eastemnet_pl|la Ville
trp_elder_westfold|Thain de l'Ouestfolde
trp_elder_westfold_pl|la Ville
trp_elder_westemnet|Thain de l'Ouestemnet
trp_elder_westemnet_pl|la Ville
trp_elder_eastfold|Thain de l'Estfolde
trp_elder_eastfold_pl|la Ville
trp_elder_morannon|Chef de Morannon
trp_elder_morannon_pl|Les grottes surplombant la Grande Porte
trp_elder_mmorgul|Chef de Minas Morgul
trp_elder_mmorgul_pl|la cité sinistre
trp_elder_cungol|Chef du Camp
trp_elder_cungol_pl|Le Camp
trp_elder_isengard|Grima Langue-de-Serpent
trp_elder_isengard_pl|la Cité
trp_elder_cgaladhon|Érudit de la Lórien
trp_elder_cgaladhon_pl|La forteresse de la forêt elfique
trp_elder_cdolen|Érudit de la Lórien
trp_elder_cdolen_pl|Le campement
trp_elder_camroth|Érudit de la Lórien
trp_elder_camroth_pl|Le campement
trp_elder_thalls|l'Ancien de Grand'Peur
trp_elder_thalls_pl|Les cavernes elfiques
trp_elder_imladris|Maître de camp de Fendeval
trp_elder_imladris_pl|le camp
trp_elder_wvillage|Pierre le forestier
trp_elder_wvillage_pl|le village
trp_elder_beorn|l'Ancien des Béorniens
trp_elder_beorn_pl|le hameau
trp_elder_harad|Chef de camp du Harad
trp_elder_harad_pl|le camp
; trp_elder_rhun|Rhun High Priest
trp_elder_rhun_pl|le camp
trp_elder_khand|Chef de camp du Khand
trp_elder_khand_pl|le camp
trp_elder_dunland|Chef de camp dunlandais
trp_elder_dunland_pl|le camp
trp_elder_umbar|Quartier-maître d'Umbar
trp_elder_umbar_pl|le camp fortifié
trp_elder_moria|Chef de la Moria
trp_elder_moria_pl|les mines
trp_elder_gunda|Maître des cavernes
trp_elder_gunda_pl|les cavernes
trp_elder_dale|Quartier-maître du Val
trp_elder_dale_pl|la cité
trp_elder_esgaroth|Quartier-maître d'Esgaroth
trp_elder_esgaroth_pl|le bourg du lac
trp_elder_erebor|Maître de guilde d'Erebor
trp_elder_erebor_pl|les grand-salles
trp_elder_dolguldur|Chef de Dol Guldur
trp_elder_dolguldur_pl|La forteresse noire
trp_elder_wosgiliath|Maître de camp
trp_elder_wosgiliath_pl|le camp
trp_elder_oscamp|Maître de camp
trp_elder_oscamp_pl|le camp
trp_elder_eosgiliath|Maître de camp
trp_elder_eosgiliath_pl|le camp
trp_elder_uoutpost|Maître de camp
trp_elder_uoutpost_pl|le camp
trp_elder_uhcamp|Maître de camp
trp_elder_uhcamp_pl|le camp
trp_elder_urcamp|Maître de camp
trp_elder_urcamp_pl|le camp
trp_elder_woodelf_camp|Ancien
trp_elder_woodelf_camp_pl|le camp
trp_elder_woodelf_west_camp|Ancien
trp_elder_woodelf_west_camp_pl|le camp
trp_elder_beorn_v|Ancien béornien
trp_elder_beorn_v_pl|le village
trp_elder_troll_cave|Chef de caverne
trp_elder_troll_cave_pl|les cavernes
trp_elder_dg_outpost|Maître de camp
trp_elder_dg_outpost_pl|le camp
trp_elder_rhun_sc|Chef du camp de Rhûn
trp_elder_rhun_sc_pl|le camp
trp_elder_rhun_nc|Chef du camp de Rhûn
trp_elder_rhun_nc_pl|le camp
trp_elder_gunda_ne|Ancien orque
trp_elder_gunda_ne_pl|le camp
trp_elder_gunda_nw|Ancien orque
trp_elder_gunda_nw_pl|le camp
trp_elder_gunda_s|Ancien orque
trp_elder_gunda_s_pl|le camp
trp_elder_gunda_m|Ancien orque
trp_elder_gunda_m_pl|le camp
trp_elder_ironhill|Chef de camp
trp_elder_ironhill_pl|le camp
trp_village_1_elder|Maître des esclaves
trp_village_1_elder_pl|les cavernes
trp_tutorial_chest_1|Coffre d'armes de mêlée
trp_tutorial_chest_2|Coffre d'armes à distance
trp_bonus_chest_1|Coffre bonus
trp_bonus_chest_2|Coffre bonus
trp_bonus_chest_3|Coffre bonus
trp_camp_chest_faction|Coffre de la faction
trp_camp_chest_none|Coffre vide
trp_player_chest|Votre coffre
trp_local_merchant|Marchand local
trp_local_merchant_pl|Marchands locaux
trp_tax_rebel|Paysan rebelle
trp_tax_rebel_pl|Paysans rebelles
trp_trainee_peasant|Paysan
trp_trainee_peasant_pl|Paysans
trp_fugitive_man|Homme suspect
trp_fugitive_man_pl|Hommes suspects
trp_fugitive_elf|Elfe suspect
trp_fugitive_elf_pl|Elfes suspects
trp_fugitive_dwarf|Nain suspect
trp_fugitive_dwarf_pl|Nains suspects
trp_fugitive_orc|Orque suspect
trp_fugitive_orc_pl|Orques suspects
trp_spy|Corsaire aux yeux fuyants
trp_spy_pl|Corsaires aux yeux fuyants
trp_spy_evil|Suderon aux yeux fuyants
trp_spy_evil_pl|Suderons aux yeux fuyants
trp_spy_partner|Maître espion
trp_spy_partner_pl|Maîtres espions
trp_spy_partner_evil|Maître espion
trp_spy_partner_evil_pl|Maîtres espions
trp_easter_egg_troll|Le troll
trp_treebeard|Barbebois
trp_ent_1|Bregalad
trp_ent_2|Finglas
trp_ent_3|Fladrif
trp_gandalf|Gandalf
trp_gandalf_pl|Maisons de Gandalf
trp_nazgul|Nazgûl
trp_nazgul_pl|Nazgûl domestiqué
trp_radagast|Radagast
trp_barman|Barman
trp_elder|l'Ancien de la ville
trp_gear_merchant|Marchand d'équipement
trp_goods_merchant|Marchand de biens
trp_start_quest_caravaneer|Torbal le caravanier
trp_dorwinion_bandit|Bandit du Dorwinion
trp_dorwinion_bandit_pl|Bandits du Dorwinion
trp_dorwinion_raider|Pilleur du Dorwinion
trp_dorwinion_raider_pl|Pilleurs du Dorwinion
trp_city_guard|Garde de la cité
trp_city_guard_pl|garde de la cité
trp_orc_sentry|Sentinelle orque
trp_orc_sentry_pl|sentinelle orque
trp_uruk_hai_sentry|Sentinelle uruk-hai
trp_uruk_hai_sentry_pl|sentinelle uruk-hai
trp_black_numenorean_sorcerer|Sorcier númenoréen noir
trp_black_numenorean_sorcerer_pl|Sorcier númenoréen noir
trp_evil_priest|Prêtre maléfique
trp_evil_priest_pl|Prêtres maléfiques
trp_wolf_rider_of_mirkwood|Chevaucheur de loup de Grand'Peur
trp_wolf_rider_of_mirkwood_pl|Chevaucheurs de loups de Grand'Peur
trp_warg_rider_of_mirkwood|Chevaucheur de warg de Grand'Peur
trp_warg_rider_of_mirkwood_pl|Chevaucheurs de wargs de Grand'Peur
trp_gate_aggravator|Défense de la porte
trp_orc_pretender|Prétendant orque
trp_human_prisoner|Prisonnier humain
trp_spider|Araignée de Grand'Peur
trp_spider_pl|Araignées de Grand'Peur
trp_bear|Ours
trp_bear_pl|Ours
trp_wolf|Loup
trp_wolf_pl|Loups
trp_dorwinion_sack|Sac du Dorwinion
trp_ring_hunter_captain|Capitaine des chasseurs d'anneau
trp_ring_hunter_lt|Capitaine des chasseurs d'anneau
trp_ring_hunter_one|Chasseur d'anneau
trp_ring_hunter_one_pl|Chasseurs d'anneau
trp_ring_hunter_two|Chasseur d'anneau
trp_ring_hunter_two_pl|Chasseurs d'anneau
trp_ring_hunter_three|Chasseur d'anneau
trp_ring_hunter_three_pl|Chasseurs d'anneau
trp_ring_hunter_four|Chasseur d'anneau
trp_ring_hunter_four_pl|Chasseurs d'anneau
trp_start_quest_uruk|Capitaine uruk du Mordor
trp_start_quest_orc|Lieutenant orque du Mordor
trp_start_quest_orc_pl|Grands orques du Mordor
trp_start_quest_woodelf|Archer d'élite royal galadhrim
trp_start_quest_woodelf_pl|Archers d'élite royaux galadhrim
trp_start_quest_mordor_scout|Guide du Mordor
trp_start_quest_mordor_scout_pl|Guides du Mordor
trp_start_quest_beorning|Berserker béornien du Carrock 
trp_start_quest_beorning_pl|Berserkers béorniens du Carrock 
trp_i6_beorning_bear_warrior|Guerrier ours
trp_i6_beorning_bear_warrior_pl|Guerriers ours
trp_morannon_healer|Okstuk le guérisseur
trp_minas_tirith_healer|Ioreth
trp_edoras_healer|Freya la guérisseuse
trp_isengard_healer|Nurgal le soigneur
trp_guldur_healer|Mornagar le soigneur
trp_gundabad_healer|Lurgakh Troisième OEil
trp_mirkwood_healer|Corwiel aux Mains Douces
trp_hungry_uruk|Uruk affamé
trp_hungry_orc|Orque affamé
trp_longing_lorien|Elfe nostalgique
trp_longing_woodelf|Elfe nostalgique
trp_longing_imladris|Elfe nostalgique
trp_i5_moria_deep_dweller|Guerrier d'élite de la Moria
trp_i5_moria_deep_dweller_pl|Guerriers d'élite de la Moria
trp_i5_moria_orc_chieftain|Chef de clan orque de la Moria
trp_i5_moria_orc_chieftain_pl|Chefs de clan orque de la Moria
trp_c5_rhovanion_noble|Noble du Rhovanion
trp_c5_rhovanion_noble_pl|Nobles du Rhovanion
trp_npc18|Turmbathu
trp_npc19|Heidrek
trp_npc20|Zigûrphel
trp_werewolf|Loup-garou
trp_werewolf_pl|Loups-garous
trp_moria_troll|Troll des cavernes
trp_moria_troll_pl|Trolls des cavernes
trp_moria_vet_troll|Troll des cavernes entraîné
trp_moria_vet_troll_pl|Trolls des cavernes entraînés
trp_moria_armored_troll|Troll des cavernes armoré
trp_moria_armored_troll_pl|Trolls des cavernes armorés
trp_gunda_troll|Troll des montagnes
trp_gunda_troll_pl|Trolls des montagnes
trp_gunda_vet_troll|Troll des montagnes entraîné
trp_gunda_vet_troll_pl|Trolls des montagnes entraînés
trp_gunda_placeholder|Troll des montagnes entraîné
trp_gunda_placeholder_pl|Trolls des montagnes entraînés
trp_isen_troll|Troll d'Isengard
trp_isen_troll_pl|Trolls d'Isengard
trp_isen_vet_troll|Troll d'Isengard entraîné
trp_isen_vet_troll_pl|Trolls d'Isengard entraînés
trp_isen_armored_troll|Troll d'Isengard armoré
trp_isen_armored_troll_pl|Trolls d'Isengard armorés
trp_mordor_troll|Troll de Mordor
trp_mordor_troll_pl|Trolls de Mordor
trp_mordor_vet_troll|Troll de Mordor entraîné
trp_mordor_vet_troll_pl|Trolls de Mordor entraînés
trp_mordor_olog_hai|Olog-hai du Mordor
trp_mordor_olog_hai_pl|Olog-hai du Mordor
trp_troll_placeholder_1|Troll des cavernes
trp_troll_placeholder_1_pl|Trolls des cavernes
trp_troll_placeholder_2|Troll des cavernes
trp_troll_placeholder_2_pl|Trolls des cavernes
trp_troll_placeholder_3|Troll des cavernes
trp_troll_placeholder_3_pl|Trolls des cavernes
trp_troll_placeholder_4|Troll des cavernes
trp_troll_placeholder_4_pl|Trolls des cavernes
trp_troll_placeholder_5|Troll des cavernes
trp_troll_placeholder_5_pl|Trolls des cavernes
trp_troll_placeholder_6|Troll des cavernes
trp_troll_placeholder_6_pl|Trolls des cavernes
trp_wild_troll|Troll des cavernes sauvage
trp_wild_troll_pl|Trolls des cavernes sauvages
trp_ent|Ent
trp_ent_pl|Ents
trp_mountain_goblin|Gobelin des montagnes
trp_mountain_goblin_pl|Gobelins des montagnes
trp_tribal_orc|Orque tribal
trp_tribal_orc_pl|Orques tribaux
trp_tribal_orc_warrior|Guerrier orque tribal
trp_tribal_orc_warrior_pl|Guerriers orques tribaux
trp_tribal_orc_chief|Chef orque tribal
trp_tribal_orc_chief_pl|Chefs orques tribaux
trp_a3_dism_skirmisher_of_rohan|Tirailleur du Rohan
trp_a3_dism_skirmisher_of_rohan_pl|Tirailleurs du Rohan
trp_a4_dism_veteran_skirmisher_of_rohan|Tirailleur vétéran du Rohan
trp_a4_dism_veteran_skirmisher_of_rohan_pl|Archers vétérans du Rohan
trp_a5_dism_elite_skirmisher_of_rohan|Tirailleur d'élite du Rohan
trp_a5_dism_elite_skirmisher_of_rohan_pl|Tirailleurs d'élite du Rohan
trp_ac5_camel_rider|Cavalier sur dromadaire du Harad
trp_ac5_camel_rider_pl|Cavaliers sur dromadaire du Harad
trp_aragorn|Aragorn
trp_legolas|Legolas
trp_gimli|Gimli
trp_pippin_notmet|Demi-homme
trp_merry_notmet|Demi-Homme
trp_pippin|Pippin
trp_merry|Merry
